y_over_delta,u,v,pressure,temp,scalar_1,scalar_2,u_over_ubulk,y_plus,u_plus
0.0000000000000000e+00,-6.9458923647966825e-05,-5.2312618621923522e-12,-4.5826212937882554e-09,0.0000000000000000e+00,-8.0408382327656445e-07,1.1177903667882070e-06,-6.9564038016866822e-05,0.0000000000000000e+00,-6.2237653103422554e-03
2.5000000000000001e-03,1.3878827486150988e-01,1.3712949294739639e-11,-4.5086136327798096e-09,0.0000000000000000e+00,1.2656377534654927e-03,5.6983118062160967e-03,1.3899830751327863e-01,2.7900683984879868e+00,1.2435920472122024e+01
5.0000000000000001e-03,2.7764600864666777e-01,3.2657160451671617e-11,-4.4346059717713646e-09,0.0000000000000000e+00,2.5320795907542619e-03,1.1395505822065404e-02,2.7806617906457420e-01,5.5801367969759736e+00,2.4878064709554398e+01
7.4999999999999997e-03,4.1650374243182553e-01,5.1601371608603607e-11,-4.3605983107629179e-09,0.0000000000000000e+00,3.7985214280430307e-03,1.7092699837914713e-02,4.1713405061586961e-01,8.3702051954639600e+00,3.7320208946986753e+01
1.0000000000000000e-02,5.5536147621698340e-01,7.0545582765535572e-11,-4.2865906497544729e-09,0.0000000000000000e+00,5.0649632653318004e-03,2.2789893853764020e-02,5.5620192216716513e-01,1.1160273593951947e+01,4.9762353184419126e+01
1.2500000000000001e-02,6.0370634063933326e-01,1.6136813296403011e-10,-4.2126726331017888e-09,0.0000000000000000e+00,5.4203928038122594e-03,2.9170856999143641e-02,6.0461994838999245e-01,1.3950341992439936e+01,5.4094224084837663e+01
1.4999999999999999e-02,6.2458523091020690e-01,2.7400204121651454e-10,-4.1387818188742993e-09,0.0000000000000000e+00,5.4993772309301636e-03,3.5759308707966966e-02,6.2553043534072938e-01,1.6740410390927920e+01,5.5965046524368937e+01
1.7500000000000002e-02,6.4546412118108065e-01,3.8663594946899913e-10,-4.0648910046468090e-09,0.0000000000000000e+00,5.5783616580480661e-03,4.2347760416790295e-02,6.4644092229146644e-01,1.9530478789415909e+01,5.7835868963900218e+01
2.0000000000000000e-02,6.6634301145195440e-01,4.9926985772148351e-10,-3.9910001904193196e-09,0.0000000000000000e+00,5.6573460851659704e-03,4.8936212125613623e-02,6.6735140924220349e-01,2.2320547187903895e+01,5.9706691403431506e+01
2.2499999999999999e-02,6.8248702782197324e-01,5.3008246659031854e-10,-3.8970479355804631e-09,0.0000000000000000e+00,5.6909183969265477e-03,5.5685942319406614e-02,6.8351985685882277e-01,2.5110615586391884e+01,6.1153252389066097e+01
2.5000000000000001e-02,6.9450560950609819e-01,4.8960523045161557e-10,-3.7856164057534772e-09,0.0000000000000000e+00,5.6849237170886564e-03,6.2576192381292042e-02,6.9555662663977469e-01,2.7900683984879873e+01,6.2230159830711443e+01
2.7500000000000000e-02,7.0652419119022292e-01,4.4912799431291270e-10,-3.6741848759264916e-09,0.0000000000000000e+00,5.6789290372507642e-03,6.9466442443177456e-02,7.0759339642072627e-01,3.0690752383367855e+01,6.3307067272356775e+01
2.9999999999999999e-02,7.1854277287434787e-01,4.0865075817420984e-10,-3.5627533460995069e-09,0.0000000000000000e+00,5.6729343574128729e-03,7.6356692505062856e-02,7.1963016620167808e-01,3.3480820781855840e+01,6.4383974714002122e+01
3.2500000000000001e-02,7.2920795638895586e-01,3.9114287178134515e-10,-3.4488463104246154e-09,0.0000000000000000e+00,5.6665477591745792e-03,8.3205818522022676e-02,7.3031148967319104e-01,3.6270889180343829e+01,6.5339612891222771e+01
3.5000000000000003e-02,7.3673895466889294e-01,4.2682716374727100e-10,-3.3292065243651001e-09,0.0000000000000000e+00,5.6592535604300890e-03,8.9959709908628435e-02,7.3785388484916115e-01,3.9060957578831818e+01,6.6014416982407269e+01
3.7499999999999999e-02,7.4426995294882992e-01,4.6251145571319679e-10,-3.2095667383055839e-09,0.0000000000000000e+00,5.6519593616855979e-03,9.6713601295234181e-02,7.4539628002513114e-01,4.1851025977319800e+01,6.6689221073591753e+01
4.0000000000000001e-02,7.5180095122876711e-01,4.9819574767912258e-10,-3.0899269522460689e-09,0.0000000000000000e+00,5.6446651629411069e-03,1.0346749268183994e-01,7.5293867520110136e-01,4.4641094375807789e+01,6.7364025164776265e+01
4.2500000000000003e-02,7.5925155393141952e-01,5.3018756817657530e-10,-2.9681254992636657e-09,0.0000000000000000e+00,5.6371467414413033e-03,1.1022593391659696e-01,7.6040055313463673e-01,4.7431162774295785e+01,6.8031625527789771e+01
4.4999999999999998e-02,7.6561372420314155e-01,5.1218900571624016e-10,-2.8170584017867909e-09,0.0000000000000000e+00,5.6265926887926389e-03,1.1704597309555578e-01,7.6677235147828715e-01,5.0221231172783767e+01,6.8601698494026905e+01
4.7500000000000001e-02,7.7197589447486359e-01,4.9419044325590492e-10,-2.6659913043099152e-09,0.0000000000000000e+00,5.6160386361439755e-03,1.2386601227451460e-01,7.7314414982193747e-01,5.3011299571271756e+01,6.9171771460264026e+01
5.0000000000000003e-02,7.7833806474658562e-01,4.7619188079556979e-10,-2.5149242068330399e-09,0.0000000000000000e+00,5.6054845834953120e-03,1.3068605145347345e-01,7.7951594816558778e-01,5.5801367969759745e+01,6.9741844426501146e+01
5.2499999999999998e-02,7.8470023501830766e-01,4.5819331833523465e-10,-2.3638571093561651e-09,0.0000000000000000e+00,5.5949305308466476e-03,1.3750609063243224e-01,7.8588774650923821e-01,5.8591436368247720e+01,7.0311917392738266e+01
5.5000000000000000e-02,7.8985889959829059e-01,4.8494842694027494e-10,-2.2178495144546760e-09,0.0000000000000000e+00,5.5817935495551590e-03,1.4427962010813986e-01,7.9105421785821795e-01,6.1381504766735709e+01,7.0774151990891724e+01
5.7500000000000002e-02,7.9478143331470430e-01,5.2048431910877644e-10,-2.0728346067673457e-09,0.0000000000000000e+00,5.5681497911248892e-03,1.5104402426232347e-01,7.9598420099938250e-01,6.4171573165223691e+01,7.1215228428218609e+01
5.9999999999999998e-02,7.9970396703111812e-01,5.5602021127727793e-10,-1.9278196990800155e-09,0.0000000000000000e+00,5.5545060326946186e-03,1.5780842841650708e-01,8.0091418414054716e-01,6.6961641563711680e+01,7.1656304865545508e+01
6.2500000000000000e-02,8.0462650074753184e-01,5.9155610344577942e-10,-1.7828047913926848e-09,0.0000000000000000e+00,5.5408622742643479e-03,1.6457283257069069e-01,8.0584416728171171e-01,6.9751709962199669e+01,7.2097381302872407e+01
6.5000000000000002e-02,8.0908706844982059e-01,5.3765912292988375e-10,-1.6375455965870293e-09,0.0000000000000000e+00,5.5270037197021511e-03,1.7133348878603685e-01,8.1031148530108488e-01,7.2541778360687658e+01,7.2497063950859285e+01
6.7500000000000004e-02,8.1324371114281668e-01,4.2492472617424003e-10,-1.4921256865719498e-09,0.0000000000000000e+00,5.5130038518952651e-03,1.7809167925214786e-01,8.1447441837191104e-01,7.5331846759175647e+01,7.2869513842701423e+01
7.0000000000000007e-02,8.1740035383581267e-01,3.1219032941859636e-10,-1.3467057765568704e-09,0.0000000000000000e+00,5.4990039840883791e-03,1.8484986971825884e-01,8.1863735144273708e-01,7.8121915157663636e+01,7.3241963734543560e+01
7.2499999999999995e-02,8.2155699652880865e-01,1.9945593266295334e-10,-1.2012858665417916e-09,0.0000000000000000e+00,5.4850041162814922e-03,1.9160806018436977e-01,8.2280028451356313e-01,8.0911983556151611e+01,7.3614413626385684e+01
7.4999999999999997e-02,8.2552182828529808e-01,1.3236969878034050e-10,-1.0589654869167216e-09,0.0000000000000000e+00,5.4708264814223705e-03,1.9836137039315510e-01,8.2677111637437306e-01,8.3702051954639600e+01,7.3969676579673688e+01
7.7499999999999999e-02,8.2916058144972626e-01,1.4288534178188705e-10,-9.2191430895466792e-10,0.0000000000000000e+00,5.4563466425744476e-03,2.0510638416448684e-01,8.3041537617815553e-01,8.6492120353127589e+01,7.4295721737419640e+01
8.0000000000000002e-02,8.3279933461415445e-01,1.5340098478343362e-10,-7.8486313099261457e-10,0.0000000000000000e+00,5.4418668037265255e-03,2.1185139793581859e-01,8.3405963598193789e-01,8.9282188751615578e+01,7.4621766895165607e+01
8.2500000000000004e-02,8.3643808777858264e-01,1.6391662778498020e-10,-6.4781195303056101e-10,0.0000000000000000e+00,5.4273869648786034e-03,2.1859641170715030e-01,8.3770389578572035e-01,9.2072257150103567e+01,7.4947812052911573e+01
8.5000000000000006e-02,8.4001503004592859e-01,1.6327475244014260e-10,-5.1233756557449216e-10,0.0000000000000000e+00,5.4128588802502733e-03,2.2533982595671809e-01,8.4128625115205025e-01,9.4862325548591571e+01,7.5268318735586845e+01
8.7500000000000008e-02,8.4320446553541251e-01,9.2683819769899025e-11,-3.8674844167517248e-10,0.0000000000000000e+00,5.3980283316909282e-03,2.3207321243522724e-01,8.4448051331435048e-01,9.7652393947079560e+01,7.5554103439934266e+01
8.9999999999999997e-02,8.4639390102489664e-01,2.2092887099655855e-11,-2.6115931777585343e-10,0.0000000000000000e+00,5.3831977831315832e-03,2.3880659891373637e-01,8.4767477547665093e-01,1.0044246234556753e+02,7.5839888144281716e+01
9.2499999999999999e-02,8.4958333651438078e-01,-4.8498045570587703e-11,-1.3557019387653375e-10,0.0000000000000000e+00,5.3683672345722390e-03,2.4553998539224553e-01,8.5086903763895150e-01,1.0323253074405551e+02,7.6125672848629151e+01
9.5000000000000001e-02,8.5277277200386470e-01,-1.1908897824083127e-10,-9.9810699772140543e-12,0.0000000000000000e+00,5.3535366860128931e-03,2.5227337187075471e-01,8.5406329980125173e-01,1.0602259914254351e+02,7.6411457552976586e+01
9.7500000000000003e-02,8.5565024977148019e-01,-1.0634678232600513e-10,8.6964121530375152e-11,0.0000000000000000e+00,5.3385297581765492e-03,2.5899688692829625e-01,8.5694513214627321e-01,1.0881266754103149e+02,7.6669289741712063e+01
1.0000000000000001e-01,8.5849488988416200e-01,-8.4832678139062335e-11,1.8089416225988543e-10,0.0000000000000000e+00,5.3235042641005224e-03,2.6571936288889386e-01,8.5979407714210743e-01,1.1160273593951949e+02,7.6924179560383124e+01
1.0250000000000001e-01,8.6133952999684382e-01,-6.3318573952119540e-11,2.7482420298939577e-10,0.0000000000000000e+00,5.3084787700244957e-03,2.7244183884949141e-01,8.6264302213794164e-01,1.1439280433800747e+02,7.7179069379054184e+01
1.0500000000000000e-01,8.6418417010952564e-01,-4.1804469765176842e-11,3.6875424371890556e-10,0.0000000000000000e+00,5.2934532759484681e-03,2.7916431481008896e-01,8.6549196713377574e-01,1.1718287273649544e+02,7.7433959197725244e+01
1.0750000000000000e-01,8.6684678931143722e-01,-3.5256545567967572e-11,4.5507484460445767e-10,0.0000000000000000e+00,5.2783686936735729e-03,2.8588240613406191e-01,8.6815861576088327e-01,1.1997294113498344e+02,7.7672539298786077e+01
1.1000000000000000e-01,8.6942054791124046e-01,-3.6014945460238380e-11,5.3768060084177573e-10,0.0000000000000000e+00,5.2632552651913564e-03,2.9259835692676928e-01,8.7073626931034465e-01,1.2276300953347142e+02,7.7903157175501747e+01
1.1250000000000000e-01,8.7199430651104382e-01,-3.6773345352509194e-11,6.2028635707909379e-10,0.0000000000000000e+00,5.2481418367091390e-03,2.9931430771947670e-01,8.7331392285980625e-01,1.2555307793195941e+02,7.8133775052217445e+01
1.1500000000000000e-01,8.7456806511084706e-01,-3.7531745244780002e-11,7.0289211331641206e-10,0.0000000000000000e+00,5.2330284082269234e-03,3.0603025851218407e-01,8.7589157640926762e-01,1.2834314633044738e+02,7.8364392928933114e+01
1.1750000000000001e-01,8.7704527494307616e-01,-2.7179347378371367e-11,7.8096625372106194e-10,0.0000000000000000e+00,5.2178969522971687e-03,3.1274472017748300e-01,8.7837253508087498e-01,1.3113321472893540e+02,7.8586359694476528e+01
1.2000000000000000e-01,8.7939918152996932e-01,-2.6372559888306861e-12,8.5325302932736059e-10,0.0000000000000000e+00,5.2027424733621271e-03,3.1945728006560969e-01,8.8073000390847589e-01,1.3392328312742336e+02,7.8797278052980644e+01
1.2250000000000000e-01,8.8175308811686270e-01,2.1904835400710124e-11,9.2553980493365965e-10,0.0000000000000000e+00,5.1875879944270837e-03,3.2616983995373638e-01,8.8308747273607691e-01,1.3671335152591135e+02,7.9008196411484775e+01
1.2500000000000000e-01,8.8410699470375587e-01,4.6446926790250935e-11,9.9782658053995861e-10,0.0000000000000000e+00,5.1724335154920411e-03,3.3288239984186307e-01,8.8544494156367781e-01,1.3950341992439934e+02,7.9219114769988892e+01
1.2750000000000000e-01,8.8642141027319832e-01,6.8391375512847748e-11,1.0648584383550592e-09,0.0000000000000000e+00,5.1572749718390596e-03,3.3959463214647856e-01,8.8776285961083190e-01,1.4229348832288736e+02,7.9426494593606904e+01
1.3000000000000000e-01,8.8858393731398411e-01,8.0344890901044761e-11,1.1116790738963183e-09,0.0000000000000000e+00,5.1421007946555472e-03,3.4630560451451242e-01,8.8992865927165243e-01,1.4508355672137532e+02,7.9620264667662951e+01
1.3250000000000001e-01,8.9074646435476978e-01,9.2298406289241761e-11,1.1584997094375778e-09,0.0000000000000000e+00,5.1269266174720340e-03,3.5301657688254628e-01,8.9209445893247286e-01,1.4787362511986331e+02,7.9814034741718984e+01
1.3500000000000001e-01,8.9290899139555546e-01,1.0425192167743877e-10,1.2053203449788373e-09,0.0000000000000000e+00,5.1117524402885216e-03,3.5972754925058015e-01,8.9426025859329328e-01,1.5066369351835129e+02,8.0007804815775017e+01
1.3750000000000001e-01,8.9507151843634114e-01,1.1620543706563580e-10,1.2521409805200968e-09,0.0000000000000000e+00,5.0965782631050092e-03,3.6643852161861401e-01,8.9642605825411370e-01,1.5345376191683928e+02,8.0201574889831051e+01
1.4000000000000001e-01,8.9707981861909603e-01,9.4374994315138992e-11,1.2791982421653445e-09,0.0000000000000000e+00,5.0814041568399727e-03,3.7315061123533089e-01,8.9843739766055919e-01,1.5624383031532727e+02,8.0381525691739995e+01
1.4250000000000002e-01,8.9908392785462155e-01,7.1626509223916871e-11,1.3057184556068958e-09,0.0000000000000000e+00,5.0662300525020675e-03,3.7986273121206643e-01,9.0044453977748329e-01,1.5903389871381526e+02,8.0561100969949266e+01
1.4499999999999999e-01,9.0108803709014718e-01,4.8878024132695009e-11,1.3322386690484466e-09,0.0000000000000000e+00,5.0510559481641631e-03,3.8657485118880186e-01,9.0245168189440750e-01,1.6182396711230322e+02,8.0740676248158550e+01
1.4749999999999999e-01,9.0309214632567281e-01,2.6129539041472884e-11,1.3587588824899978e-09,0.0000000000000000e+00,5.0358818438262587e-03,3.9328697116553735e-01,9.0445882401133171e-01,1.6461403551079124e+02,8.0920251526367835e+01
1.4999999999999999e-01,9.0499270335788817e-01,1.8202154682494237e-11,1.3754012495604408e-09,0.0000000000000000e+00,5.0207204011676930e-03,4.0000226482655465e-01,9.0636225721614683e-01,1.6740410390927920e+02,8.1090548160784152e+01
1.5250000000000000e-01,9.0685701711894473e-01,1.5462155579801049e-11,1.3885863704009932e-09,0.0000000000000000e+00,5.0055633900968960e-03,4.0671866927707057e-01,9.0822939230172339e-01,1.7019417230776719e+02,8.1257597269872917e+01
1.5500000000000000e-01,9.0872133088000151e-01,1.2722156477107865e-11,1.4017714912415458e-09,0.0000000000000000e+00,4.9904063790260998e-03,4.1343507372758648e-01,9.1009652738730018e-01,1.7298424070625518e+02,8.1424646378961711e+01
1.5750000000000000e-01,9.1058564464105818e-01,9.9821573744146805e-12,1.4149566120820982e-09,0.0000000000000000e+00,4.9752493679553018e-03,4.2015147817810239e-01,9.1196366247287697e-01,1.7577430910474317e+02,8.1591695488050490e+01
1.6000000000000000e-01,9.1239001051328295e-01,3.7616323506593709e-12,1.4206152716254360e-09,0.0000000000000000e+00,4.9601051647077260e-03,4.2687126589572794e-01,9.1377075894860038e-01,1.7856437750323116e+02,8.1753373054199272e+01
1.6250000000000001e-01,9.1413630186820172e-01,-5.8306521591251367e-12,1.4189826717870959e-09,0.0000000000000000e+00,4.9449733690388967e-03,4.3359433115336582e-01,9.1551969302102820e-01,1.8135444590171915e+02,8.1909846938124943e+01
1.6500000000000001e-01,9.1588259322312049e-01,-1.5422936668909643e-11,1.4173500719487558e-09,0.0000000000000000e+00,4.9298415733700657e-03,4.4031739641100376e-01,9.1726862709345613e-01,1.8414451430020713e+02,8.2066320822050614e+01
1.6750000000000001e-01,9.1762888457803937e-01,-2.5015221178694153e-11,1.4157174721104155e-09,0.0000000000000000e+00,4.9147097777012365e-03,4.4704046166864164e-01,9.1901756116588407e-01,1.8693458269869512e+02,8.2222794705976298e+01
1.7000000000000001e-01,9.1934561816292160e-01,-3.6287226052674984e-11,1.4170000233769885e-09,0.0000000000000000e+00,4.8995874133296886e-03,4.5376624164488411e-01,9.2073689273757442e-01,1.8972465109718314e+02,8.2376620109128837e+01
1.7250000000000001e-01,9.2098447839213049e-01,-5.1984648040019017e-11,1.4259628765930429e-09,0.0000000000000000e+00,4.8844898967990574e-03,4.6049917386052686e-01,9.2237823310539846e-01,1.9251471949567110e+02,8.2523467784090585e+01
1.7500000000000002e-01,9.2262333862133938e-01,-6.7682070027363043e-11,1.4349257298090974e-09,0.0000000000000000e+00,4.8693923802684272e-03,4.6723210607616966e-01,9.2401957347322261e-01,1.9530478789415912e+02,8.2670315459052347e+01
1.7749999999999999e-01,9.2426219885054828e-01,-8.3379492014706901e-11,1.4438885830251516e-09,0.0000000000000000e+00,4.8542948637377969e-03,4.7396503829181236e-01,9.2566091384104665e-01,1.9809485629264705e+02,8.2817163134014095e+01
1.7999999999999999e-01,9.2589716022077817e-01,-9.7861013728817640e-11,1.4519852649991997e-09,0.0000000000000000e+00,4.8391989584413483e-03,4.8069848481613042e-01,9.2729834944962608e-01,2.0088492469113507e+02,8.2963661457416833e+01
1.8250000000000000e-01,9.2744390990660786e-01,-8.4832791761006676e-11,1.4404848226228422e-09,0.0000000000000000e+00,4.8241395073182524e-03,4.8744356757422536e-01,9.2884743988029506e-01,2.0367499308962303e+02,8.3102255701797006e+01
1.8500000000000000e-01,9.2899065959243765e-01,-7.1804569793195724e-11,1.4289843802464848e-09,0.0000000000000000e+00,4.8090800561951565e-03,4.9418865033232018e-01,9.3039653031096414e-01,2.0646506148811102e+02,8.3240849946177178e+01
1.8750000000000000e-01,9.3053740927826722e-01,-5.8776347825384772e-11,1.4174839378701271e-09,0.0000000000000000e+00,4.7940206050720614e-03,5.0093373309041511e-01,9.3194562074163301e-01,2.0925512988659901e+02,8.3379444190557336e+01
1.9000000000000000e-01,9.3208415896409691e-01,-4.5748125857573807e-11,1.4059834954937694e-09,0.0000000000000000e+00,4.7789611539489664e-03,5.0767881584851005e-01,9.3349471117230209e-01,2.1204519828508703e+02,8.3518038434937495e+01
1.9250000000000000e-01,9.3356089514394380e-01,-4.0829239858752555e-11,1.3819732529335515e-09,0.0000000000000000e+00,4.7639383718215758e-03,5.1443678772385182e-01,9.3497368214335252e-01,2.1483526668357501e+02,8.3650359221467966e+01
1.9500000000000001e-01,9.3502115755767712e-01,-3.7818432911458870e-11,1.3550195279771295e-09,0.0000000000000000e+00,4.7489242176931758e-03,5.2119779233266339e-01,9.3643615441802208e-01,2.1762533508206297e+02,8.3781203900269091e+01
1.9750000000000001e-01,9.3648141997141043e-01,-3.4807625964165185e-11,1.3280658030207075e-09,0.0000000000000000e+00,4.7339100635647759e-03,5.2795879694147496e-01,9.3789862669269175e-01,2.2041540348055096e+02,8.3912048579070216e+01
2.0000000000000001e-01,9.3794168238514375e-01,-3.1796819016871501e-11,1.3011120780642857e-09,0.0000000000000000e+00,4.7188959094363759e-03,5.3471980155028653e-01,9.3936109896736142e-01,2.2320547187903898e+02,8.4042893257871341e+01
2.0250000000000001e-01,9.3935984036899423e-01,-3.1349236900618120e-11,1.2714090380022839e-09,0.0000000000000000e+00,4.7039079378663569e-03,5.4149094258761310e-01,9.4078140309419311e-01,2.2599554027752697e+02,8.4169965230785962e+01
2.0500000000000002e-01,9.4074709601898598e-01,-3.2782920715403872e-11,1.2396881519912319e-09,0.0000000000000000e+00,4.6889391828529485e-03,5.4826952320550071e-01,9.4217075812169448e-01,2.2878560867601493e+02,8.4294268245251800e+01
2.0750000000000002e-01,9.4213435166897763e-01,-3.4216604530189631e-11,1.2079672659801799e-09,0.0000000000000000e+00,4.6739704278395411e-03,5.5504810382338843e-01,9.4356011314919586e-01,2.3157567707450292e+02,8.4418571259717638e+01
2.0999999999999999e-01,9.4352160731896928e-01,-3.5650288344975376e-11,1.1762463799691287e-09,0.0000000000000000e+00,4.6590016728261328e-03,5.6182668444127604e-01,9.4494946817669712e-01,2.3436574547299088e+02,8.4542874274183475e+01
2.1249999999999999e-01,9.4488492434547244e-01,-3.7011685510996452e-11,1.1475284894433295e-09,0.0000000000000000e+00,4.6440504521147547e-03,5.6861268965424272e-01,9.4631484835363977e-01,2.3715581387147887e+02,8.4665032303287873e+01
2.1500000000000000e-01,9.4620257384408979e-01,-3.8235181993220304e-11,1.1245393903047822e-09,0.0000000000000000e+00,4.6291326814564791e-03,5.7541285871012882e-01,9.4763449189259352e-01,2.3994588226996689e+02,8.4783098360318192e+01
2.1750000000000000e-01,9.4752022334270736e-01,-3.9458678475444156e-11,1.1015502911662350e-09,0.0000000000000000e+00,4.6142149107982044e-03,5.8221302776601513e-01,9.4895413543154761e-01,2.4273595066845488e+02,8.4901164417348511e+01
2.2000000000000000e-01,9.4883787284132470e-01,-4.0682174957667996e-11,1.0785611920276877e-09,0.0000000000000000e+00,4.5992971401399296e-03,5.8901319682190145e-01,9.5027377897050136e-01,2.4552601906694284e+02,8.5019230474378816e+01
2.2250000000000000e-01,9.5014874688706108e-01,-4.1585732030283826e-11,1.0566181261923805e-09,0.0000000000000000e+00,4.5843850545450107e-03,5.9581597745169379e-01,9.5158663680306865e-01,2.4831608746543083e+02,8.5136689426858865e+01
2.2500000000000001e-01,9.5140541730974948e-01,-3.9929773826034725e-11,1.0430433267829944e-09,0.0000000000000000e+00,4.5695184494569472e-03,6.0263965067273539e-01,9.5284520898454428e-01,2.5110615586391881e+02,8.5249291542936874e+01
2.2750000000000001e-01,9.5266208773243777e-01,-3.8273815621785617e-11,1.0294685273736085e-09,0.0000000000000000e+00,4.5546518443688828e-03,6.0946332389377678e-01,9.5410378116601968e-01,2.5389622426240683e+02,8.5361893659014854e+01
2.3000000000000001e-01,9.5391875815512606e-01,-3.6617857417536522e-11,1.0158937279642224e-09,0.0000000000000000e+00,4.5397852392808184e-03,6.1628699711481838e-01,9.5536235334749520e-01,2.5668629266089476e+02,8.5474495775092848e+01
2.3250000000000001e-01,9.5517542857781446e-01,-3.4961899213287415e-11,1.0023189285548368e-09,0.0000000000000000e+00,4.5249186341927549e-03,6.2311067033585987e-01,9.5662092552897082e-01,2.5947636105938278e+02,8.5587097891170842e+01
2.3500000000000001e-01,9.5638192626531904e-01,-3.7479752015033279e-11,9.7694150975974482e-10,0.0000000000000000e+00,4.5100999407037172e-03,6.2995818367890832e-01,9.5782924904728795e-01,2.6226642945787080e+02,8.5695204352661037e+01
2.3750000000000002e-01,9.5758147230879209e-01,-4.0575903932067299e-11,9.4992878827868061e-10,0.0000000000000000e+00,4.4952878855687621e-03,6.3680900017139142e-01,9.5903061040143245e-01,2.6505649785635876e+02,8.5802687922250499e+01
2.3999999999999999e-01,9.5878101835226537e-01,-4.3672055849101274e-11,9.2291606679761691e-10,0.0000000000000000e+00,4.4804758304338062e-03,6.4365981666387440e-01,9.6023197175557717e-01,2.6784656625484672e+02,8.5910171491839989e+01
2.4249999999999999e-01,9.5998056439573842e-01,-4.6768207766135280e-11,8.9590334531655291e-10,0.0000000000000000e+00,4.4656637752988511e-03,6.5051063315635749e-01,9.6143333310972168e-01,2.7063663465333474e+02,8.6017655061429465e+01
2.4500000000000000e-01,9.6114645916614183e-01,-4.4194501923662648e-11,8.4634107899408825e-10,0.0000000000000000e+00,4.4508876916792978e-03,6.5738080706388990e-01,9.6260099226526896e-01,2.7342670305182270e+02,8.6122123357890871e+01
2.4750000000000000e-01,9.6229387331936755e-01,-3.8507021737853951e-11,7.8439504624232793e-10,0.0000000000000000e+00,4.4361313629083668e-03,6.6426161168296560e-01,9.6375014283634064e-01,2.7621677145031072e+02,8.6224935725667194e+01
2.5000000000000000e-01,9.6344128747259328e-01,-3.2819541552045254e-11,7.2244901349056762e-10,0.0000000000000000e+00,4.4213750341374359e-03,6.7114241630204141e-01,9.6489929340741232e-01,2.7900683984879868e+02,8.6327748093443518e+01
2.5250000000000000e-01,9.6458870162581911e-01,-2.7132061366236554e-11,6.6050298073880741e-10,0.0000000000000000e+00,4.4066187053665058e-03,6.7802322092111722e-01,9.6604844397848411e-01,2.8179690824728669e+02,8.6430560461219841e+01
2.5500000000000000e-01,9.6571632115712891e-01,-2.1376001799781592e-11,6.2427719017786051e-10,0.0000000000000000e+00,4.3918857412636788e-03,6.8491763859724464e-01,9.6717776997181737e-01,2.8458697664577471e+02,8.6531599160837459e+01
2.5750000000000001e-01,9.6681577141878883e-01,-1.5522348499330033e-11,6.2465328273460838e-10,0.0000000000000000e+00,4.3771860268808482e-03,6.9183142870071479e-01,9.6827888406606089e-01,2.8737704504426262e+02,8.6630113794229217e+01
2.6000000000000001e-01,9.6791522168044886e-01,-9.6686951988784758e-12,6.2502937529135645e-10,0.0000000000000000e+00,4.3624863124980167e-03,6.9874521880418494e-01,9.6937999816030462e-01,2.9016711344275063e+02,8.6728628427620990e+01
2.6250000000000001e-01,9.6901467194210889e-01,-3.8150418984269175e-12,6.2540546784810442e-10,0.0000000000000000e+00,4.3477865981151852e-03,7.0565900890765498e-01,9.7048111225454825e-01,2.9295718184123865e+02,8.6827143061012762e+01
2.6500000000000001e-01,9.7010606854531667e-01,-5.4826147301125220e-13,6.2089331628297894e-10,0.0000000000000000e+00,4.3330975319947895e-03,7.1257934728886552e-01,9.7157416050248568e-01,2.9574725023972661e+02,8.6924936058112692e+01
2.6750000000000002e-01,9.7116074994087453e-01,-9.0745779779095993e-12,5.9409652239754915e-10,0.0000000000000000e+00,4.3184570094237287e-03,7.1952953811271636e-01,9.7263043798049720e-01,2.9853731863821457e+02,8.7019439242705715e+01
2.7000000000000002e-01,9.7221543133643229e-01,-1.7600894482807948e-11,5.6729972851211935e-10,0.0000000000000000e+00,4.3038164868526678e-03,7.2647972893656709e-01,9.7368671545850860e-01,3.0132738703670259e+02,8.7113942427298724e+01
2.7250000000000002e-01,9.7327011273199004e-01,-2.6127210987706303e-11,5.4050293462668955e-10,0.0000000000000000e+00,4.2891759642816078e-03,7.3342991976041794e-01,9.7474299293652000e-01,3.0411745543519061e+02,8.7208445611891733e+01
2.7500000000000002e-01,9.7432479412754791e-01,-3.4653527492604645e-11,5.1370614074125976e-10,0.0000000000000000e+00,4.2745354417105478e-03,7.4038011058426867e-01,9.7579927041453152e-01,3.0690752383367857e+02,8.7302948796484756e+01
2.7750000000000002e-01,9.7534103422850871e-01,-3.9036759313926524e-11,4.7083930044489608e-10,0.0000000000000000e+00,4.2599516028533502e-03,7.4736680656445453e-01,9.7681704842352846e-01,3.0969759223216658e+02,8.7394007505073361e+01
2.8000000000000003e-01,9.7635512677111191e-01,-4.3188533890354821e-11,4.2707469219261376e-10,0.0000000000000000e+00,4.2453709306840802e-03,7.5435554193884902e-01,9.7783267562420040e-01,3.1248766063065455e+02,8.7484873784834889e+01
2.8250000000000003e-01,9.7736921931371523e-01,-4.7340308466783117e-11,3.8331008394033145e-10,0.0000000000000000e+00,4.2307902585148084e-03,7.6134427731324350e-01,9.7884830282487245e-01,3.1527772902914256e+02,8.7575740064596431e+01
2.8500000000000003e-01,9.7838331185631855e-01,-5.1492083043211413e-11,3.3954547568804918e-10,0.0000000000000000e+00,4.2162095863455375e-03,7.6833301268763798e-01,9.7986393002554451e-01,3.1806779742763052e+02,8.7666606344357959e+01
2.8750000000000003e-01,9.7936924854646579e-01,-5.1187931229832884e-11,3.1068021671161968e-10,0.0000000000000000e+00,4.2016745885362526e-03,7.7535282429607899e-01,9.8085135876462537e-01,3.2085786582611854e+02,8.7754949760121676e+01
2.8999999999999998e-01,9.8034392289563044e-01,-4.9101408860531652e-11,2.8777469744553219e-10,0.0000000000000000e+00,4.1871578604709631e-03,7.8238506639813843e-01,9.8182750811906971e-01,3.2364793422460644e+02,8.7842284030286237e+01
2.9249999999999998e-01,9.8131859724479509e-01,-4.7014886491230374e-11,2.6486917817944418e-10,0.0000000000000000e+00,4.1726411324056727e-03,7.8941730850019809e-01,9.8280365747351395e-01,3.2643800262309446e+02,8.7929618300450798e+01
2.9499999999999998e-01,9.8229327159395985e-01,-4.4928364121929110e-11,2.4196365891335623e-10,0.0000000000000000e+00,4.1581244043403832e-03,7.9644955060225775e-01,9.8377980682795829e-01,3.2922807102158248e+02,8.8016952570615373e+01
2.9749999999999999e-01,9.8325128396317707e-01,-4.1754202487051596e-11,2.2715062831126846e-10,0.0000000000000000e+00,4.1436374022899639e-03,8.0350302917442984e-01,9.8473926898735797e-01,3.3201813942007038e+02,8.8102793868425167e+01
2.9999999999999999e-01,9.8419135266168145e-01,-3.7408737027707375e-11,2.2105258550118086e-10,0.0000000000000000e+00,4.1291824128709444e-03,8.1057937779133815e-01,9.8568076032132479e-01,3.3480820781855840e+02,8.8187027349852883e+01
3.0249999999999999e-01,9.8513142136018572e-01,-3.3063271568363161e-11,2.1495454269109331e-10,0.0000000000000000e+00,4.1147274234519249e-03,8.1765572640824669e-01,9.8662225165529149e-01,3.3759827621704642e+02,8.8271260831280600e+01
3.0499999999999999e-01,9.8607149005868999e-01,-2.8717806109018950e-11,2.0885649988100574e-10,0.0000000000000000e+00,4.1002724340329054e-03,8.2473207502515500e-01,9.8756374298925820e-01,3.4038834461553438e+02,8.8355494312708302e+01
3.0750000000000000e-01,9.8700293664577066e-01,-2.5191731736204810e-11,2.0235547623331096e-10,0.0000000000000000e+00,4.0858341746360088e-03,8.3182083972645005e-01,9.8849659916368959e-01,3.4317841301402234e+02,8.8438955222446694e+01
3.1000000000000000e-01,9.8790833344940077e-01,-2.4141264475885834e-11,1.9463693601242069e-10,0.0000000000000000e+00,4.0714464612634019e-03,8.3894711685291334e-01,9.8940336613271551e-01,3.4596848141251036e+02,8.8520081979421619e+01
3.1250000000000000e-01,9.8881373025303088e-01,-2.3090797215566863e-11,1.8691839579153044e-10,0.0000000000000000e+00,4.0570587478907932e-03,8.4607339397937653e-01,9.9031013310174154e-01,3.4875854981099837e+02,8.8601208736396529e+01
3.1500000000000000e-01,9.8971912705666099e-01,-2.2040329955247889e-11,1.7919985557064012e-10,0.0000000000000000e+00,4.0426710345181863e-03,8.5319967110583983e-01,9.9121690007076757e-01,3.5154861820948634e+02,8.8682335493371440e+01
3.1750000000000000e-01,9.9062401767860164e-01,-2.1035527664237485e-11,1.7141585802999017e-10,0.0000000000000000e+00,4.0282844090318189e-03,8.6032679268276380e-01,9.9212316009208346e-01,3.5433868660797435e+02,8.8763416894676070e+01
3.2000000000000001e-01,9.9149752503580002e-01,-2.2861953470364641e-11,1.5957350666423910e-10,0.0000000000000000e+00,4.0139652324924311e-03,8.6750627018825677e-01,9.9299798935537764e-01,3.5712875500646231e+02,8.8841686244423173e+01
3.2250000000000001e-01,9.9237103239299818e-01,-2.4688379276491791e-11,1.4773115529848812e-10,0.0000000000000000e+00,3.9996460559530425e-03,8.7468574769374974e-01,9.9387281861867172e-01,3.5991882340495033e+02,8.8919955594170261e+01
3.2500000000000001e-01,9.9324453975019655e-01,-2.6514805082618944e-11,1.3588880393273710e-10,0.0000000000000000e+00,3.9853268794136538e-03,8.8186522519924271e-01,9.9474764788196590e-01,3.6270889180343829e+02,8.8998224943917364e+01
3.2750000000000001e-01,9.9411804710739482e-01,-2.8341230888746100e-11,1.2404645256698611e-10,0.0000000000000000e+00,3.9710077028742661e-03,8.8904470270473568e-01,9.9562247714525998e-01,3.6549896020192631e+02,8.9076494293664453e+01
3.3000000000000002e-01,9.9496926956956899e-01,-3.1390648263567286e-11,1.1156096033697370e-10,0.0000000000000000e+00,3.9567401627367783e-03,8.9626555963732757e-01,9.9647498778909904e-01,3.6828902860041427e+02,8.9152766837971569e+01
3.3250000000000002e-01,9.9581431851352709e-01,-3.4778867356742868e-11,9.8897300705375380e-11,0.0000000000000000e+00,3.9424869272781955e-03,9.0349787978958873e-01,9.9732131557214321e-01,3.7107909699890229e+02,8.9228486213204093e+01
3.3500000000000002e-01,9.9665936745748507e-01,-3.8167086449918457e-11,8.6233641073777063e-11,0.0000000000000000e+00,3.9282336918196126e-03,9.1073019994184978e-01,9.9816764335518715e-01,3.7386916539739025e+02,8.9304205588436602e+01
3.3750000000000002e-01,9.9750441640144316e-01,-4.1555305543094052e-11,7.3569981442178747e-11,0.0000000000000000e+00,3.9139804563610306e-03,9.1796252009411083e-01,9.9901397113823132e-01,3.7665923379587827e+02,8.9379924963669126e+01
3.4000000000000002e-01,9.9833367980151433e-01,-4.3443154628396729e-11,6.2578836715457960e-11,0.0000000000000000e+00,3.8997667303107540e-03,9.2522744568398330e-01,9.9984448948862958e-01,3.7944930219436628e+02,8.9454229898318815e+01
3.4250000000000003e-01,9.9915004155513953e-01,-4.4104739764957195e-11,5.2954651285992771e-11,0.0000000000000000e+00,3.8855852956038049e-03,9.3251901994882624e-01,1.0006620866681153e+00,3.8223937059285424e+02,8.9527378799799834e+01
3.4500000000000003e-01,9.9996640330876474e-01,-4.4766324901517669e-11,4.3330465856527634e-11,0.0000000000000000e+00,3.8714038608968562e-03,9.3981059421366930e-01,1.0014796838476012e+00,3.8502943899134220e+02,8.9600527701280853e+01
3.4750000000000003e-01,1.0007827650623899e+00,-4.5427910038078135e-11,3.3706280427062497e-11,0.0000000000000000e+00,3.8572224261899076e-03,9.4710216847851236e-01,1.0022972810270872e+00,3.8781950738983022e+02,8.9673676602761873e+01
3.5000000000000003e-01,1.0015903888663327e+00,-4.4749096157544893e-11,2.4984069986500087e-11,0.0000000000000000e+00,3.8430650777721356e-03,9.5441428603296852e-01,1.0031061270334769e+00,3.9060957578831824e+02,8.9746042553035736e+01
3.5249999999999998e-01,1.0023792260784581e+00,-4.1188424390260488e-11,1.8201105772078969e-11,0.0000000000000000e+00,3.8289595148760947e-03,9.6177057166009283e-01,1.0038961580177106e+00,3.9339964418680614e+02,8.9816725158214240e+01
3.5499999999999998e-01,1.0031680632905837e+00,-3.7627752622976000e-11,1.1418141557657643e-11,0.0000000000000000e+00,3.8148539519800542e-03,9.6912685728721737e-01,1.0046861890019445e+00,3.9618971258529410e+02,8.9887407763392773e+01
3.5749999999999998e-01,1.0039569005027094e+00,-3.4067080855691518e-11,4.6351773432363179e-12,0.0000000000000000e+00,3.8007483890840138e-03,9.7648314291434180e-01,1.0054762199861782e+00,3.9897978098378212e+02,8.9958090368571291e+01
3.5999999999999999e-01,1.0047436796030422e+00,-3.0460798981618877e-11,-2.0033347639857893e-12,0.0000000000000000e+00,3.7866490194342511e-03,9.8384485460245541e-01,1.0062641897440141e+00,4.0176984938227014e+02,9.0028588559651425e+01
3.6249999999999999e-01,1.0055082053696176e+00,-2.6361357827898930e-11,-7.0799584621161118e-12,0.0000000000000000e+00,3.7726166142598725e-03,9.9126523557501423e-01,1.0070298724914242e+00,4.0455991778075810e+02,9.0097092773292715e+01
3.6499999999999999e-01,1.0062727311361930e+00,-2.2261916674178983e-11,-1.2156582160246434e-11,0.0000000000000000e+00,3.7585842090854934e-03,9.9868561654757282e-01,1.0077955552388345e+00,4.0734998617924606e+02,9.0165596986934005e+01
3.6749999999999999e-01,1.0070372569027686e+00,-1.8162475520459036e-11,-1.7233205858376705e-11,0.0000000000000000e+00,3.7445518039111144e-03,1.0061059975201316e+00,1.0085612379862448e+00,4.1014005457773402e+02,9.0234101200575324e+01
3.7000000000000000e-01,1.0078017826693442e+00,-1.4063034366739082e-11,-2.2309829556506976e-11,0.0000000000000000e+00,3.7305193987367358e-03,1.0135263784926904e+00,1.0093269207336550e+00,4.1293012297622204e+02,9.0302605414216629e+01
3.7250000000000000e-01,1.0085460211776924e+00,-1.0567507021492979e-11,-2.4635893971003907e-11,0.0000000000000000e+00,3.7165515480853005e-03,1.0210042062044047e+00,1.0100722855214934e+00,4.1572019137471005e+02,9.0369291817742763e+01
3.7500000000000000e-01,1.0092867314672187e+00,-7.1770081646771015e-12,-2.6483600249216599e-11,0.0000000000000000e+00,3.7025949243074206e-03,1.0284920246533638e+00,1.0108141167511457e+00,4.1851025977319802e+02,9.0435662080379302e+01
3.7750000000000000e-01,1.0100274417567450e+00,-3.7865093078612258e-12,-2.8331306527429343e-11,0.0000000000000000e+00,3.6886383005295415e-03,1.0359798431023224e+00,1.0115559479807978e+00,4.2130032817168603e+02,9.0502032343015856e+01
3.8000000000000000e-01,1.0107681520462715e+00,-3.9601045104534698e-13,-3.0179012805642087e-11,0.0000000000000000e+00,3.6746816767516616e-03,1.0434676615512815e+00,1.0122977792104504e+00,4.2409039657017405e+02,9.0568402605652409e+01
3.8250000000000001e-01,1.0114939748492362e+00,1.2295873549066669e-12,-2.9723341370734193e-11,0.0000000000000000e+00,3.6607770072285238e-03,1.0510028021176463e+00,1.0130247004238404e+00,4.2688046496866201e+02,9.0633438896819868e+01
3.8500000000000001e-01,1.0122106361220089e+00,1.7690922064809667e-12,-2.7850206727752200e-11,0.0000000000000000e+00,3.6469043095544587e-03,1.0585670639870306e+00,1.0137424462426072e+00,4.2967053336715003e+02,9.0697654282467852e+01
3.8750000000000001e-01,1.0129272973947818e+00,2.3085970580552665e-12,-2.5977072084770154e-11,0.0000000000000000e+00,3.6330316118803937e-03,1.0661313258564147e+00,1.0144601920613743e+00,4.3246060176563793e+02,9.0761869668115864e+01
3.9000000000000001e-01,1.0136439586675547e+00,2.8481019096295664e-12,-2.4103937441788005e-11,0.0000000000000000e+00,3.6191589142063282e-03,1.0736955877257990e+00,1.0151779378801415e+00,4.3525067016412595e+02,9.0826085053763876e+01
3.9250000000000002e-01,1.0143522886607215e+00,2.6150670150623591e-12,-2.2226258746154273e-11,0.0000000000000000e+00,3.6053180502539015e-03,1.0812893531628816e+00,1.0158873398113155e+00,4.3804073856261397e+02,9.0889553927282407e+01
3.9500000000000002e-01,1.0150473799082129e+00,1.1544347156675858e-12,-2.0341359364114947e-11,0.0000000000000000e+00,3.5915277713933933e-03,1.0889300009815126e+00,1.0165834829622049e+00,4.4083080696110193e+02,9.0951836562348646e+01
3.9750000000000002e-01,1.0157424711557046e+00,-3.0619758372718911e-13,-1.8456459982075622e-11,0.0000000000000000e+00,3.5777374925328857e-03,1.0965706488001437e+00,1.0172796261130947e+00,4.4362087535958995e+02,9.1014119197414900e+01
4.0000000000000002e-01,1.0164375624031963e+00,-1.7668298831219640e-12,-1.6571560600036244e-11,0.0000000000000000e+00,3.5639472136723780e-03,1.1042112966187747e+00,1.0179757692639844e+00,4.4641094375807796e+02,9.1076401832481153e+01
4.0250000000000002e-01,1.0171295659303445e+00,-3.2931741102374305e-12,-1.4640888979094151e-11,0.0000000000000000e+00,3.5501694783256809e-03,1.1118636888151752e+00,1.0186688200217866e+00,4.4920101215656592e+02,9.1138407796880031e+01
4.0500000000000003e-01,1.0178045337590464e+00,-5.1820669040877822e-12,-1.2457680867653248e-11,0.0000000000000000e+00,3.5364609485724237e-03,1.1195808775785805e+00,1.0193448093004853e+00,4.5199108055505394e+02,9.1198887302424382e+01
4.0750000000000003e-01,1.0184795015877484e+00,-7.0709596979381338e-12,-1.0274472756212397e-11,0.0000000000000000e+00,3.5227524188191665e-03,1.1272980663419856e+00,1.0200207985791840e+00,4.5478114895354196e+02,9.1259366807968732e+01
4.1000000000000003e-01,1.0191544694164500e+00,-8.9598524917884838e-12,-8.0912646447715976e-12,0.0000000000000000e+00,3.5090438890659093e-03,1.1350152551053909e+00,1.0206967878578825e+00,4.5757121735202986e+02,9.1319846313513068e+01
4.1250000000000003e-01,1.0198294372451522e+00,-1.0848745285638835e-11,-5.9080565333307983e-12,0.0000000000000000e+00,3.4953353593126530e-03,1.1427324438687960e+00,1.0213727771365817e+00,4.6036128575051782e+02,9.1380325819057433e+01
4.1500000000000004e-01,1.0204859187691135e+00,-1.1401547656926514e-11,-2.3965503917947675e-12,0.0000000000000000e+00,3.4817070923905827e-03,1.1505255574245634e+00,1.0220302521346347e+00,4.6315135414900584e+02,9.1439148886290951e+01
4.1749999999999998e-01,1.0211408066461147e+00,-1.1839169819372585e-11,1.2294642006115186e-12,0.0000000000000000e+00,3.4680857446780988e-03,1.1583252162210513e+00,1.0226861310740116e+00,4.6594142254749374e+02,9.1497829157118360e+01
4.1999999999999998e-01,1.0217956945231157e+00,-1.2276791981818667e-11,4.8554787930178047e-12,0.0000000000000000e+00,3.4544643969656140e-03,1.1661248750175393e+00,1.0233420100133885e+00,4.6873149094598176e+02,9.1556509427945755e+01
4.2249999999999999e-01,1.0224505824001167e+00,-1.2714414144264747e-11,8.4814933854240909e-12,0.0000000000000000e+00,3.4408430492531301e-03,1.1739245338140274e+00,1.0239978889527652e+00,4.7152155934446978e+02,9.1615189698773165e+01
4.2499999999999999e-01,1.0230912879523806e+00,-1.0838651409250521e-11,1.2423768980834373e-11,0.0000000000000000e+00,3.4272892349224704e-03,1.1817888009378323e+00,1.0246395641048478e+00,4.7431162774295774e+02,9.1672599183125868e+01
4.2749999999999999e-01,1.0237255569111099e+00,-7.9129678361581752e-12,1.6509578416069656e-11,0.0000000000000000e+00,3.4137660703574086e-03,1.1896823903024965e+00,1.0252747929226969e+00,4.7710169614144576e+02,9.1729431925924672e+01
4.2999999999999999e-01,1.0243598258698392e+00,-4.9872842630658281e-12,2.0595387851304784e-11,0.0000000000000000e+00,3.4002429057923469e-03,1.1975759796671603e+00,1.0259100217405459e+00,4.7989176453993377e+02,9.1786264668723462e+01
4.3250000000000000e-01,1.0249940948285685e+00,-2.0616006899734817e-12,2.4681197286539964e-11,0.0000000000000000e+00,3.3867197412272851e-03,1.2054695690318242e+00,1.0265452505583950e+00,4.8268183293842173e+02,9.1843097411522265e+01
4.3500000000000000e-01,1.0256203425388506e+00,8.1124044584144675e-13,2.9117107442722899e-11,0.0000000000000000e+00,3.3732380267107419e-03,1.2134029594335667e+00,1.0271724459889897e+00,4.8547190133690975e+02,9.1899211422080342e+01
4.3750000000000000e-01,1.0262369834050615e+00,3.6207935463124575e-12,3.3972324276320263e-11,0.0000000000000000e+00,3.3598059558569578e-03,1.2213840185192524e+00,1.0277900200371748e+00,4.8826196973539777e+02,9.1954464625419831e+01
4.4000000000000000e-01,1.0268536242712725e+00,6.4303466467834658e-12,3.8827541109917575e-11,0.0000000000000000e+00,3.3463738850031738e-03,1.2293650776049376e+00,1.0284075940853599e+00,4.9105203813388567e+02,9.2009717828759321e+01
4.4250000000000000e-01,1.0274702651374836e+00,9.2398997472544750e-12,4.3682757943514835e-11,0.0000000000000000e+00,3.3329418141493901e-03,1.2373461366906233e+00,1.0290251681335452e+00,4.9384210653237363e+02,9.2064971032098825e+01
4.4500000000000001e-01,1.0280831325678745e+00,1.1782689924938292e-11,4.8838118142463270e-11,0.0000000000000000e+00,3.3195301987852784e-03,1.2453468741086549e+00,1.0296389630354514e+00,4.9663217493086165e+02,9.2119886122238114e+01
4.4750000000000001e-01,1.0286827929728952e+00,1.3391809872866679e-11,5.5043980120140896e-11,0.0000000000000000e+00,3.3061901776350183e-03,1.2534164856898986e+00,1.0302395309253813e+00,4.9942224332934967e+02,9.2173617816176659e+01
4.5000000000000001e-01,1.0292824533779159e+00,1.5000929820795069e-11,6.1249842097818626e-11,0.0000000000000000e+00,3.2928501564847583e-03,1.2614860972711419e+00,1.0308400988153115e+00,5.0221231172783763e+02,9.2227349510115204e+01
4.5250000000000001e-01,1.0298821137829366e+00,1.6610049768723455e-11,6.7455704075496407e-11,0.0000000000000000e+00,3.2795101353344991e-03,1.2695557088523854e+00,1.0314406667052414e+00,5.0500238012632565e+02,9.2281081204053748e+01
4.5500000000000002e-01,1.0304817741879573e+00,1.8219169716651842e-11,7.3661566053174136e-11,0.0000000000000000e+00,3.2661701141842390e-03,1.2776253204336290e+00,1.0320412345951713e+00,5.0779244852481366e+02,9.2334812897992308e+01
4.5750000000000002e-01,1.0310635506222170e+00,1.7897027263885909e-11,8.2312179002292062e-11,0.0000000000000000e+00,3.2529350211674291e-03,1.2857961468650534e+00,1.0326238914499661e+00,5.1058251692330168e+02,9.2386942124875688e+01
4.6000000000000002e-01,1.0316451357840621e+00,1.7554229598278307e-11,9.0988939020623321e-11,0.0000000000000000e+00,3.2397010503766458e-03,1.2939680558082443e+00,1.0332063567428880e+00,5.1337258532178953e+02,9.2439054213073973e+01
4.6250000000000002e-01,1.0322267209459073e+00,1.7211431932670707e-11,9.9665699038954683e-11,0.0000000000000000e+00,3.2264670795858624e-03,1.3021399647514351e+00,1.0337888220358098e+00,5.1616265372027760e+02,9.2491166301272273e+01
4.6500000000000002e-01,1.0328083061077526e+00,1.6868634267063108e-11,1.0834245905728594e-10,0.0000000000000000e+00,3.2132331087950795e-03,1.3103118736946260e+00,1.0343712873287316e+00,5.1895272211876556e+02,9.2543278389470586e+01
4.6750000000000003e-01,1.0333771826572322e+00,1.5365126410801944e-11,1.1718481696896220e-10,0.0000000000000000e+00,3.2000801017156100e-03,1.3185616385420977e+00,1.0349410247769459e+00,5.2174279051725352e+02,9.2594251741036800e+01
4.7000000000000003e-01,1.0339419711216156e+00,1.3488243248456454e-11,1.2608044413304313e-10,0.0000000000000000e+00,3.1869531389069131e-03,1.3268364479461914e+00,1.0355066679534364e+00,5.2453285891574160e+02,9.2644858785714391e+01
4.7250000000000003e-01,1.0345067595859985e+00,1.1611360086110969e-11,1.3497607129712405e-10,0.0000000000000000e+00,3.1738261760982161e-03,1.3351112573502850e+00,1.0360723111299266e+00,5.2732292731422956e+02,9.2695465830391953e+01
4.7500000000000003e-01,1.0350715480503818e+00,9.7344769237654800e-12,1.4387169846120497e-10,0.0000000000000000e+00,3.1606992132895196e-03,1.3433860667543787e+00,1.0366379543064170e+00,5.3011299571271752e+02,9.2746072875069558e+01
4.7750000000000004e-01,1.0356284124355761e+00,7.7266071146560328e-12,1.5256962591835826e-10,0.0000000000000000e+00,3.1476259099168262e-03,1.3517122081255943e+00,1.0371956614119608e+00,5.3290306411120559e+02,9.2795969894215759e+01
4.7999999999999998e-01,1.0361780731124171e+00,5.5996585357612332e-12,1.6108782636921355e-10,0.0000000000000000e+00,3.1346013878495900e-03,1.3600850149214665e+00,1.0377461539075534e+00,5.3569313250969344e+02,9.2845221435606177e+01
4.8249999999999998e-01,1.0367277337892582e+00,3.4727099568663891e-12,1.6960602682006899e-10,0.0000000000000000e+00,3.1215768657823538e-03,1.3684578217173384e+00,1.0382966464031462e+00,5.3848320090818152e+02,9.2894472976996624e+01
4.8499999999999999e-01,1.0372773944660991e+00,1.3457613779715443e-12,1.7812422727092449e-10,0.0000000000000000e+00,3.1085523437151177e-03,1.3768306285132108e+00,1.0388471388987386e+00,5.4127326930666948e+02,9.2943724518387043e+01
4.8749999999999999e-01,1.0378224119130877e+00,-3.3462209767722478e-15,1.8609863541918642e-10,0.0000000000000000e+00,3.0955612875173469e-03,1.3852352879113710e+00,1.0393929811377334e+00,5.4406333770515744e+02,9.2992560009954545e+01
4.8999999999999999e-01,1.0383561167637083e+00,5.4264965849035398e-13,1.9274816777567468e-10,0.0000000000000000e+00,3.0826517663470028e-03,1.3937175518314695e+00,1.0399274936606531e+00,5.4685340610364540e+02,9.3040381852862581e+01
4.9249999999999999e-01,1.0388898216143292e+00,1.0886455379574794e-12,1.9939770013216288e-10,0.0000000000000000e+00,3.0697422451766579e-03,1.4021998157515685e+00,1.0404620061835730e+00,5.4964347450213336e+02,9.3088203695770630e+01
4.9500000000000000e-01,1.0394235264649501e+00,1.6346414174246056e-12,2.0604723248865119e-10,0.0000000000000000e+00,3.0568327240063134e-03,1.4106820796716670e+00,1.0409965187064929e+00,5.5243354290062143e+02,9.3136025538678695e+01
4.9750000000000000e-01,1.0399563347378966e+00,2.3719594586739266e-12,2.1262891498658328e-10,0.0000000000000000e+00,3.0439301949294860e-03,1.4191709279266218e+00,1.0415301332949194e+00,5.5522361129910939e+02,9.3183767045054950e+01
5.0000000000000000e-01,1.0404746347539326e+00,6.2052179360360790e-12,2.1811266340969956e-10,0.0000000000000000e+00,3.0311408106386628e-03,1.4277663226910648e+00,1.0420492176706349e+00,5.5801367969759735e+02,9.3230208560280616e+01
5.0250000000000006e-01,1.0409929347699685e+00,1.0038476413398316e-11,2.2359641183281592e-10,0.0000000000000000e+00,3.0183514263478388e-03,1.4363617174555081e+00,1.0425683020463501e+00,5.6080374809608543e+02,9.3276650075506254e+01
5.0500000000000000e-01,1.0415112347860043e+00,1.3871734890760384e-11,2.2908016025593202e-10,0.0000000000000000e+00,3.0055620420570152e-03,1.4449571122199512e+00,1.0430873864220653e+00,5.6359381649457339e+02,9.3323091590731892e+01
5.0750000000000006e-01,1.0420295348020401e+00,1.7704993368122622e-11,2.3456390867904841e-10,0.0000000000000000e+00,2.9927726577661917e-03,1.4535525069843942e+00,1.0436064707977806e+00,5.6638388489306135e+02,9.3369533105957530e+01
5.1000000000000001e-01,1.0425362833489036e+00,2.2230561588496704e-11,2.4520297549666163e-10,0.0000000000000000e+00,2.9800788859689351e-03,1.4622368626590028e+00,1.0441139862231228e+00,5.6917395329154942e+02,9.3414939568675265e+01
5.1249999999999996e-01,1.0430405883157499e+00,2.6902579946815604e-11,2.5693259043618740e-10,0.0000000000000000e+00,2.9674053398914720e-03,1.4709400369876846e+00,1.0446190543705014e+00,5.7196402169003727e+02,9.3460127077977873e+01
5.1500000000000001e-01,1.0435448932825959e+00,3.1574598305134713e-11,2.6866220537571374e-10,0.0000000000000000e+00,2.9547317938140080e-03,1.4796432113163669e+00,1.0451241225178796e+00,5.7475409008852523e+02,9.3505314587280452e+01
5.1749999999999996e-01,1.0440491982494420e+00,3.6246616663453609e-11,2.8039182031523945e-10,0.0000000000000000e+00,2.9420582477365448e-03,1.4883463856450490e+00,1.0456291906652579e+00,5.7754415848701331e+02,9.3550502096583031e+01
5.2000000000000002e-01,1.0445447616426669e+00,3.8697491423769008e-11,2.9652103045848705e-10,0.0000000000000000e+00,2.9294619189116286e-03,1.4971204151203821e+00,1.0461255040101176e+00,5.8033422688550127e+02,9.3594906329960736e+01
5.2249999999999996e-01,1.0450343152040267e+00,3.9621329960456682e-11,3.1567496230429288e-10,0.0000000000000000e+00,2.9169186769478390e-03,1.5059431575090372e+00,1.0466157984282447e+00,5.8312429528398923e+02,9.3638772061140045e+01
5.2500000000000002e-01,1.0455238687653865e+00,4.0545168497144409e-11,3.3482889415009959e-10,0.0000000000000000e+00,2.9043754349840486e-03,1.5147658998976929e+00,1.0471060928463720e+00,5.8591436368247730e+02,9.3682637792319355e+01
5.2749999999999997e-01,1.0460134223267463e+00,4.1469007033832077e-11,3.5398282599590542e-10,0.0000000000000000e+00,2.8918321930202591e-03,1.5235886422863480e+00,1.0475963872644993e+00,5.8870443208096515e+02,9.3726503523498664e+01
5.3000000000000003e-01,1.0464980575892455e+00,3.9723887189803119e-11,3.7104843715053976e-10,0.0000000000000000e+00,2.8793352838022129e-03,1.5324531182048617e+00,1.0480817559407500e+00,5.9149450047945322e+02,9.3769928557698705e+01
5.3249999999999997e-01,1.0469739411728893e+00,3.3229591403615569e-11,3.8439806589882205e-10,0.0000000000000000e+00,2.8669208196170346e-03,1.5413918552573878e+00,1.0485583596939549e+00,5.9428456887794118e+02,9.3812569410509127e+01
5.3500000000000003e-01,1.0474498247565331e+00,2.6735295617427734e-11,3.9774769464710491e-10,0.0000000000000000e+00,2.8545063554318560e-03,1.5503305923099140e+00,1.0490349634471601e+00,5.9707463727642914e+02,9.3855210263319563e+01
5.3749999999999998e-01,1.0479257083401772e+00,2.0240999831240187e-11,4.1109732339538716e-10,0.0000000000000000e+00,2.8420918912466777e-03,1.5592693293624398e+00,1.0495115672003652e+00,5.9986470567491722e+02,9.3897851116129999e+01
5.4000000000000004e-01,1.0483998691588918e+00,1.4172056904357981e-11,4.2364557811498994e-10,0.0000000000000000e+00,2.8296947198280906e-03,1.5682233249725956e+00,1.0499864455815269e+00,6.0265477407340518e+02,9.3940337603107494e+01
5.4249999999999998e-01,1.0488621859687184e+00,1.1027414885202227e-11,4.3068438638741453e-10,0.0000000000000000e+00,2.8174164361798224e-03,1.5772822231664541e+00,1.0504494620298901e+00,6.0544484247189314e+02,9.3981762824983520e+01
5.4500000000000004e-01,1.0493245027785449e+00,7.8827728660463337e-12,4.3772319465983932e-10,0.0000000000000000e+00,2.8051381525315538e-03,1.5863411213603131e+00,1.0509124784782533e+00,6.0823491087038121e+02,9.4023188046859531e+01
5.4749999999999999e-01,1.0497868195883713e+00,4.7381308468905802e-12,4.4476200293226386e-10,0.0000000000000000e+00,2.7928598688832856e-03,1.5954000195541718e+00,1.0513754949266163e+00,6.1102497926886906e+02,9.4064613268735542e+01
5.5000000000000004e-01,1.0502491363981976e+00,1.5934888277346870e-12,4.5180081120468870e-10,0.0000000000000000e+00,2.7805815852350165e-03,1.6044589177480306e+00,1.0518385113749791e+00,6.1381504766735713e+02,9.4106038490611539e+01
5.5249999999999999e-01,1.0506996755811984e+00,7.9685536863394027e-12,4.6134276910592686e-10,0.0000000000000000e+00,2.7684289782005170e-03,1.6136260942522931e+00,1.0522897323730642e+00,6.1660511606584510e+02,9.4146408395453733e+01
5.5500000000000005e-01,1.0511488209622075e+00,1.5470211074856603e-11,4.7118095773246877e-10,0.0000000000000000e+00,2.7562912441380610e-03,1.6228060847577874e+00,1.0527395574598735e+00,6.1939518446433317e+02,9.4186653410706100e+01
5.5750000000000000e-01,1.0515979663432169e+00,2.2971868463373472e-11,4.8101914635901026e-10,0.0000000000000000e+00,2.7441535100756055e-03,1.6319860752632813e+00,1.0531893825466829e+00,6.2218525286282113e+02,9.4226898425958481e+01
5.6000000000000005e-01,1.0520471117242263e+00,3.0473525851890667e-11,4.9085733498555217e-10,0.0000000000000000e+00,2.7320157760131495e-03,1.6411660657687754e+00,1.0536392076334924e+00,6.2497532126130909e+02,9.4267143441210862e+01
5.6250000000000000e-01,1.0524875800610074e+00,3.3576581338722919e-11,5.0080202091653832e-10,0.0000000000000000e+00,2.7199764513620604e-03,1.6504283263803967e+00,1.0540803425448302e+00,6.2776538965979705e+02,9.4306610962600288e+01
5.6500000000000006e-01,1.0529236057511440e+00,3.4427552651892575e-11,5.1080123346740106e-10,0.0000000000000000e+00,2.7079875123295905e-03,1.6597327092863559e+00,1.0545170280863270e+00,6.3055545805828513e+02,9.4345680407131908e+01
5.6750000000000000e-01,1.0533596314412805e+00,3.5278523965062199e-11,5.2080044601826318e-10,0.0000000000000000e+00,2.6959985732971205e-03,1.6690370921923146e+00,1.0549537136278235e+00,6.3334552645677297e+02,9.4384749851663528e+01
5.7000000000000006e-01,1.0537956571314169e+00,3.6129495278231862e-11,5.3079965856912581e-10,0.0000000000000000e+00,2.6840096342646506e-03,1.6783414750982737e+00,1.0553903991693201e+00,6.3613559485526105e+02,9.4423819296195120e+01
5.7250000000000001e-01,1.0542264534825545e+00,3.5637321583836113e-11,5.4052902746364278e-10,0.0000000000000000e+00,2.6720834975468887e-03,1.6876967239916743e+00,1.0558218474580949e+00,6.3892566325374901e+02,9.4462420173450596e+01
5.7500000000000007e-01,1.0546502773816933e+00,3.3354287879352470e-11,5.4989860481636665e-10,0.0000000000000000e+00,2.6602410972487362e-03,1.6971197942016643e+00,1.0562463127432407e+00,6.4171573165223708e+02,9.4500396294337847e+01
5.7750000000000001e-01,1.0550741012808325e+00,3.1071254174868931e-11,5.5926818216909011e-10,0.0000000000000000e+00,2.6483986969505842e-03,1.7065428644116536e+00,1.0566707780283868e+00,6.4450580005072504e+02,9.4538372415225140e+01
5.7999999999999996e-01,1.0554979251799712e+00,2.8788220470385398e-11,5.6863775952181357e-10,0.0000000000000000e+00,2.6365562966524322e-03,1.7159659346216429e+00,1.0570952433135326e+00,6.4729586844921289e+02,9.4576348536112391e+01
5.8250000000000002e-01,1.0559192328640785e+00,2.6521912009618344e-11,5.7755587885744692e-10,0.0000000000000000e+00,2.6247457995149034e-03,1.7254140817119623e+00,1.0575171885757795e+00,6.5008593684770096e+02,9.4614099195230253e+01
5.8499999999999996e-01,1.0563302036648126e+00,2.4324312658173669e-11,5.8461935985259976e-10,0.0000000000000000e+00,2.6130663640102094e-03,1.7349652473376875e+00,1.0579287813115232e+00,6.5287600524618892e+02,9.4650923633025116e+01
5.8750000000000002e-01,1.0567411744655466e+00,2.2126713306728896e-11,5.9168284084775291e-10,0.0000000000000000e+00,2.6013869285055145e-03,1.7445164129634136e+00,1.0583403740472670e+00,6.5566607364467689e+02,9.4687748070819964e+01
5.8999999999999997e-01,1.0571521452662804e+00,1.9929113955284220e-11,5.9874632184290564e-10,0.0000000000000000e+00,2.5897074930008204e-03,1.7540675785891389e+00,1.0587519667830105e+00,6.5845614204316496e+02,9.4724572508614798e+01
5.9250000000000003e-01,1.0575631160670143e+00,1.7731514603839445e-11,6.0580980283805879e-10,0.0000000000000000e+00,2.5780280574961255e-03,1.7636187442148648e+00,1.0591635595187543e+00,6.6124621044165292e+02,9.4761396946409633e+01
5.9499999999999997e-01,1.0579622756203784e+00,1.7198298757031066e-11,6.1207018210455770e-10,0.0000000000000000e+00,2.5665087156656542e-03,1.7732892524746724e+00,1.0595633231327968e+00,6.6403627884014077e+02,9.4797163054650966e+01
5.9750000000000003e-01,1.0583609808949972e+00,1.6729097660400947e-11,6.1829967284303176e-10,0.0000000000000000e+00,2.5549955312841911e-03,1.7829643508357913e+00,1.0599626317806197e+00,6.6682634723862895e+02,9.4832888457909434e+01
5.9999999999999998e-01,1.0587596861696160e+00,1.6259896563770849e-11,6.2452916358150552e-10,0.0000000000000000e+00,2.5434823469027285e-03,1.7926394491969100e+00,1.0603619404284428e+00,6.6961641563711680e+02,9.4868613861167916e+01
6.0250000000000004e-01,1.0591583914442348e+00,1.5790695467140730e-11,6.3075865431997948e-10,0.0000000000000000e+00,2.5319691625212649e-03,1.8023145475580291e+00,1.0607612490762657e+00,6.7240648403560488e+02,9.4904339264426383e+01
6.0499999999999998e-01,1.0595487574251594e+00,1.5944981196361680e-11,6.3625934845382597e-10,0.0000000000000000e+00,2.5205756142891418e-03,1.8120740969932951e+00,1.0611522058102796e+00,6.7519655243409284e+02,9.4939317437464737e+01
6.0750000000000004e-01,1.0599360414931969e+00,1.6329685969918940e-11,6.4149070471204960e-10,0.0000000000000000e+00,2.5092262794165566e-03,1.8218648566081379e+00,1.0615400759674509e+00,6.7798662083258080e+02,9.4974019460204332e+01
6.0999999999999999e-01,1.0603233255612343e+00,1.6714390743476181e-11,6.4672206097027282e-10,0.0000000000000000e+00,2.4978769445439721e-03,1.8316556162229807e+00,1.0619279461246220e+00,6.8077668923106876e+02,9.5008721482943926e+01
6.1250000000000004e-01,1.0607106096292718e+00,1.7099095517033441e-11,6.5195341722849635e-10,0.0000000000000000e+00,2.4865276096713864e-03,1.8414463758378234e+00,1.0623158162817934e+00,6.8356675762955683e+02,9.5043423505683521e+01
6.1499999999999999e-01,1.0610922450432154e+00,1.7471948553543197e-11,6.5661640179990391e-10,0.0000000000000000e+00,2.4752621012836418e-03,1.8512944172642620e+00,1.0626980292365853e+00,6.8635682602804468e+02,9.5077619389030900e+01
6.1750000000000005e-01,1.0614681717110006e+00,1.7832823770696519e-11,6.6070496817718884e-10,0.0000000000000000e+00,2.4640813111518516e-03,1.8612003498832714e+00,1.0630745248059941e+00,6.8914689442653287e+02,9.5111303748524463e+01
6.2000000000000000e-01,1.0618440983787858e+00,1.8193698987849825e-11,6.6479353455447377e-10,0.0000000000000000e+00,2.4529005210200631e-03,1.8711062825022806e+00,1.0634510203754028e+00,6.9193696282502071e+02,9.5144988108018026e+01
6.2250000000000005e-01,1.0622200250465708e+00,1.8554574205003148e-11,6.6888210093175870e-10,0.0000000000000000e+00,2.4417197308882728e-03,1.8810122151212900e+00,1.0638275159448114e+00,6.9472703122350879e+02,9.5178672467511575e+01
6.2500000000000000e-01,1.0625927259946373e+00,1.8751711080938439e-11,6.7289948361272165e-10,0.0000000000000000e+00,2.4305897952656753e-03,1.8909509665597479e+00,1.0642007809129188e+00,6.9751709962199675e+02,9.5212067791105483e+01
6.2750000000000006e-01,1.0629564594418861e+00,1.8493655368287617e-11,6.7671897561791012e-10,0.0000000000000000e+00,2.4196012351786304e-03,1.9009809543162732e+00,1.0645650648094078e+00,7.0030716802048482e+02,9.5244659594898351e+01
6.3000000000000000e-01,1.0633201928891347e+00,1.8235599655636801e-11,6.8053846762309839e-10,0.0000000000000000e+00,2.4086126750915851e-03,1.9110109420727985e+00,1.0649293487058968e+00,7.0309723641897267e+02,9.5277251398691192e+01
6.3250000000000006e-01,1.0636839263363835e+00,1.7977543942985975e-11,6.8435795962828686e-10,0.0000000000000000e+00,2.3976241150045399e-03,1.9210409298293238e+00,1.0652936326023859e+00,7.0588730481746074e+02,9.5309843202484060e+01
6.3500000000000001e-01,1.0640472868830175e+00,1.7725616260161023e-11,6.8820468967302126e-10,0.0000000000000000e+00,2.3866417777541615e-03,1.9310745983875701e+00,1.0656575430339381e+00,7.0867737321594871e+02,9.5342401593062490e+01
6.3750000000000007e-01,1.0643992739608994e+00,1.7660593487024771e-11,6.9288217992391394e-10,0.0000000000000000e+00,2.3758492370221035e-03,1.9412205313983115e+00,1.0660100627849110e+00,7.1146744161443667e+02,9.5373940880600443e+01
6.4000000000000001e-01,1.0647512610387815e+00,1.7595570713888522e-11,6.9755967017480621e-10,0.0000000000000000e+00,2.3650566962900464e-03,1.9513664644090525e+00,1.0663625825358838e+00,7.1425751001292463e+02,9.5405480168138411e+01
6.4249999999999996e-01,1.0651032481166633e+00,1.7530547940752274e-11,7.0223716042569859e-10,0.0000000000000000e+00,2.3542641555579892e-03,1.9615123974197934e+00,1.0667151022868566e+00,7.1704757841141259e+02,9.5437019455676364e+01
6.4500000000000002e-01,1.0654552351945452e+00,1.7465525167616022e-11,7.0691465067659117e-10,0.0000000000000000e+00,2.3434716148259312e-03,1.9716583304305348e+00,1.0670676220378295e+00,7.1983764680990066e+02,9.5468558743214317e+01
6.4749999999999996e-01,1.0657985766730012e+00,1.7446986557546827e-11,7.1117705182380039e-10,0.0000000000000000e+00,2.3328324229545034e-03,1.9818844821814023e+00,1.0674114831057193e+00,7.2262771520838851e+02,9.5499323354454859e+01
6.5000000000000002e-01,1.0661397424376944e+00,1.7440145948779264e-11,7.1533499346147360e-10,0.0000000000000000e+00,2.3222318221870742e-03,1.9921308214297855e+00,1.0677531651672707e+00,7.2541778360687658e+02,9.5529893014044390e+01
6.5249999999999997e-01,1.0664809082023876e+00,1.7433305340011702e-11,7.1949293509914670e-10,0.0000000000000000e+00,2.3116312214196454e-03,2.0023771606781686e+00,1.0680948472288221e+00,7.2820785200536454e+02,9.5560462673633936e+01
6.5500000000000003e-01,1.0668220739670808e+00,1.7426464731244140e-11,7.2365087673681991e-10,0.0000000000000000e+00,2.3010306206522166e-03,2.0126234999265513e+00,1.0684365292903735e+00,7.3099792040385262e+02,9.5591032333223467e+01
6.5749999999999997e-01,1.0671572109165486e+00,1.7412486575129156e-11,7.2733095220791556e-10,0.0000000000000000e+00,2.2905402782388284e-03,2.0229239047019290e+00,1.0687721734131039e+00,7.3378798880234058e+02,9.5621061789638361e+01
6.6000000000000003e-01,1.0674877276524790e+00,1.7393038522916112e-11,7.3064481248593333e-10,0.0000000000000000e+00,2.2801344328818073e-03,2.0332657428718264e+00,1.0691031903303831e+00,7.3657805720082854e+02,9.5650677258573594e+01
6.6249999999999998e-01,1.0678182443884097e+00,1.7373590470703068e-11,7.3395867276395090e-10,0.0000000000000000e+00,2.2697285875247861e-03,2.0436075810417238e+00,1.0694342072476624e+00,7.3936812559931650e+02,9.5680292727508856e+01
6.6500000000000004e-01,1.0681487611243401e+00,1.7354142418490030e-11,7.3727253304196857e-10,0.0000000000000000e+00,2.2593227421677650e-03,2.0539494192116212e+00,1.0697652241649416e+00,7.4215819399780457e+02,9.5709908196444090e+01
6.6749999999999998e-01,1.0684757080896752e+00,1.7286749328258128e-11,7.4030799131868424e-10,0.0000000000000000e+00,2.2489844369747887e-03,2.0643219842316345e+00,1.0700926659093795e+00,7.4494826239629242e+02,9.5739203801303830e+01
6.7000000000000004e-01,1.0687955155138189e+00,1.7123466161988487e-11,7.4278664559279580e-10,0.0000000000000000e+00,2.2387812121098991e-03,2.0747560029518817e+00,1.0704129573081342e+00,7.4773833079478050e+02,9.5767859678012542e+01
6.7249999999999999e-01,1.0691153229379626e+00,1.6960182995718853e-11,7.4526529986690737e-10,0.0000000000000000e+00,2.2285779872450104e-03,2.0851900216721280e+00,1.0707332487068890e+00,7.5052839919326846e+02,9.5796515554721253e+01
6.7500000000000004e-01,1.0694351303621068e+00,1.6796899829449210e-11,7.4774395414101893e-10,0.0000000000000000e+00,2.2183747623801212e-03,2.0956240403923747e+00,1.0710535401056442e+00,7.5331846759175653e+02,9.5825171431429993e+01
6.7749999999999999e-01,1.0697537837212219e+00,1.6576655680832989e-11,7.5020031158183588e-10,0.0000000000000000e+00,2.2081947328802627e-03,2.1060672587764726e+00,1.0713726756928876e+00,7.5610853599024449e+02,9.5853723899828950e+01
6.8000000000000005e-01,1.0700621112353448e+00,1.5846760637536800e-11,7.5245717104054463e-10,0.0000000000000000e+00,2.1982222408569929e-03,2.1165927899423984e+00,1.0716814698087134e+00,7.5889860438873256e+02,9.5881351135982911e+01
6.8250000000000000e-01,1.0703704387494677e+00,1.5116865594240647e-11,7.5471403049925317e-10,0.0000000000000000e+00,2.1882497488337231e-03,2.1271183211083233e+00,1.0719902639245393e+00,7.6168867278722041e+02,9.5908978372136872e+01
6.8500000000000005e-01,1.0706787662635906e+00,1.4386970550944460e-11,7.5697088995796191e-10,0.0000000000000000e+00,2.1782772568104533e-03,2.1376438522742491e+00,1.0722990580403653e+00,7.6447874118570849e+02,9.5936605608290833e+01
6.8750000000000000e-01,1.0709870937777133e+00,1.3657075507648307e-11,7.5922774941667056e-10,0.0000000000000000e+00,2.1683047647871835e-03,2.1481693834401745e+00,1.0726078521561910e+00,7.6726880958419645e+02,9.5964232844444780e+01
6.9000000000000006e-01,1.0712857128981648e+00,1.2863499624546113e-11,7.6216440781429991e-10,0.0000000000000000e+00,2.1585362324986288e-03,2.1587619365290101e+00,1.0729069231863286e+00,7.7005887798268441e+02,9.5990990174176659e+01
6.9250000000000000e-01,1.0715828520805564e+00,1.2060216296351589e-11,7.6520469409895984e-10,0.0000000000000000e+00,2.1487987916330494e-03,2.1693647063743855e+00,1.0732045120387697e+00,7.7284894638117237e+02,9.6017614896222241e+01
6.9500000000000006e-01,1.0718799912629480e+00,1.1256932968157030e-11,7.6824498038361988e-10,0.0000000000000000e+00,2.1390613507674692e-03,2.1799674762197623e+00,1.0735021008912107e+00,7.7563901477966044e+02,9.6044239618267824e+01
6.9750000000000001e-01,1.0721771304453398e+00,1.0453649639962504e-11,7.7128526666827971e-10,0.0000000000000000e+00,2.1293239099018893e-03,2.1905702460651382e+00,1.0737996897436519e+00,7.7842908317814840e+02,9.6070864340313420e+01
7.0000000000000007e-01,1.0724677003820933e+00,9.7832371161901995e-12,7.7452335271172424e-10,0.0000000000000000e+00,2.1197326454462087e-03,2.2012051941749777e+00,1.0740906994090094e+00,7.8121915157663648e+02,9.6096900434707294e+01
7.0250000000000001e-01,1.0727544930026047e+00,9.1892253049607053e-12,7.7787517361646972e-10,0.0000000000000000e+00,2.1102254324262210e-03,2.2118586447868829e+00,1.0743779260417936e+00,7.8400921997512421e+02,9.6122598068201413e+01
7.0499999999999996e-01,1.0730412856231162e+00,8.5952134937312094e-12,7.8122699452121520e-10,0.0000000000000000e+00,2.1007182194062333e-03,2.2225120953987885e+00,1.0746651526745776e+00,7.8679928837361228e+02,9.6148295701695517e+01
7.0750000000000002e-01,1.0733280782436276e+00,8.0012016825016893e-12,7.8457881542596088e-10,0.0000000000000000e+00,2.0912110063862452e-03,2.2331655460106936e+00,1.0749523793073619e+00,7.8958935677210025e+02,9.6173993335189635e+01
7.0999999999999996e-01,1.0736107756109470e+00,7.5140023652300206e-12,7.8794006665895668e-10,0.0000000000000000e+00,2.0817976547886441e-03,2.2438346925384476e+00,1.0752355044894786e+00,7.9237942517058821e+02,9.6199324019508396e+01
7.1250000000000002e-01,1.0738873839833891e+00,7.1856163613429768e-12,7.9131533930106147e-10,0.0000000000000000e+00,2.0725238603059070e-03,2.2545271764147676e+00,1.0755125314620513e+00,7.9516949356907628e+02,9.6224109108342788e+01
7.1499999999999997e-01,1.0741639923558313e+00,6.8572303574559476e-12,7.9469061194316606e-10,0.0000000000000000e+00,2.0632500658231707e-03,2.2652196602910868e+00,1.0757895584346238e+00,7.9795956196756424e+02,9.6248894197177165e+01
7.1750000000000003e-01,1.0744406007282732e+00,6.5288443535689055e-12,7.9806588458527086e-10,0.0000000000000000e+00,2.0539762713404335e-03,2.2759121441674064e+00,1.0760665854071962e+00,8.0074963036605220e+02,9.6273679286011529e+01
7.1999999999999997e-01,1.0747154854547745e+00,6.2409697533818343e-12,8.0140967519383678e-10,0.0000000000000000e+00,2.0447429413698436e-03,2.2866097010857040e+00,1.0763418861253806e+00,8.0353969876454028e+02,9.6298309930071213e+01
7.2250000000000003e-01,1.0749819135433787e+00,6.1518542275976641e-12,8.0459900707535315e-10,0.0000000000000000e+00,2.0357081404119744e-03,2.2973321476162099e+00,1.0766087174079721e+00,8.0632976716302824e+02,9.6322182829455031e+01
7.2499999999999998e-01,1.0752483416319829e+00,6.0627387018134955e-12,8.0778833895686942e-10,0.0000000000000000e+00,2.0266733394541051e-03,2.3080545941467148e+00,1.0768755486905639e+00,8.0911983556151620e+02,9.6346055728838834e+01
7.2750000000000004e-01,1.0755147697205871e+00,5.9736231760293253e-12,8.1097767083838569e-10,0.0000000000000000e+00,2.0176385384962354e-03,2.3187770406772206e+00,1.0771423799731557e+00,8.1190990396000427e+02,9.6369928628222652e+01
7.2999999999999998e-01,1.0757811978091913e+00,5.8845076502451583e-12,8.1416700271990186e-10,0.0000000000000000e+00,2.0086037375383662e-03,2.3294994872077250e+00,1.0774092112557472e+00,8.1469997235849212e+02,9.6393801527606456e+01
7.3250000000000004e-01,1.0760378053803632e+00,5.8824787059274303e-12,8.1705468852544271e-10,0.0000000000000000e+00,1.9998091505343558e-03,2.3402353359184689e+00,1.0776662071592094e+00,8.1749004075698019e+02,9.6416794473882518e+01
7.3499999999999999e-01,1.0762937471537430e+00,5.8863539366243705e-12,8.1992192374956140e-10,0.0000000000000000e+00,1.9910308492221331e-03,2.3509720932516016e+00,1.0779225362573068e+00,8.2028010915546804e+02,9.6439727762320757e+01
7.3750000000000004e-01,1.0765496889271231e+00,5.8902291673213122e-12,8.2278915897368009e-10,0.0000000000000000e+00,1.9822525479099096e-03,2.3617088505847343e+00,1.0781788653554043e+00,8.2307017755395623e+02,9.6462661050759024e+01
7.3999999999999999e-01,1.0768056307005032e+00,5.8941043980182540e-12,8.2565639419779868e-10,0.0000000000000000e+00,1.9734742465976869e-03,2.3724456079178666e+00,1.0784351944535020e+00,8.2586024595244407e+02,9.6485594339197291e+01
7.4250000000000005e-01,1.0770537659479258e+00,5.7665421407888590e-12,8.2859807021611892e-10,0.0000000000000000e+00,1.9648960911540629e-03,2.3831782938401735e+00,1.0786837052117815e+00,8.2865031435093226e+02,9.6507828135289628e+01
7.4500000000000000e-01,1.0772986142370509e+00,5.5836377833799638e-12,8.3157108972673432e-10,0.0000000000000000e+00,1.9564022076551130e-03,2.3939092654842380e+00,1.0789289240375062e+00,8.3144038274942011e+02,9.6529767408288976e+01
7.4750000000000005e-01,1.0775434625261759e+00,5.4007334259710613e-12,8.3454410923734982e-10,0.0000000000000000e+00,1.9479083241561628e-03,2.4046402371283024e+00,1.0791741428632311e+00,8.3423045114790807e+02,9.6551706681288323e+01
7.5000000000000000e-01,1.0777883108153010e+00,5.2178290685621660e-12,8.3751712874796532e-10,0.0000000000000000e+00,1.9394144406572130e-03,2.4153712087723669e+00,1.0794193616889558e+00,8.3702051954639603e+02,9.6573645954287656e+01
7.5250000000000006e-01,1.0780282351162862e+00,4.9620952953093028e-12,8.4066532716600843e-10,0.0000000000000000e+00,1.9310517610299698e-03,2.4260837889949869e+00,1.0796596490749149e+00,8.3981058794488411e+02,9.6595144020528195e+01
7.5500000000000000e-01,1.0782626268463280e+00,4.6245307177374018e-12,8.4401035581711620e-10,0.0000000000000000e+00,1.9228365014832972e-03,2.4367757046991292e+00,1.0798943955173175e+00,8.4260065634337207e+02,9.6616146348837489e+01
7.5750000000000006e-01,1.0784970185763698e+00,4.2869661401654854e-12,8.4735538446822417e-10,0.0000000000000000e+00,1.9146212419366244e-03,2.4474676204032719e+00,1.0801291419597199e+00,8.4539072474186003e+02,9.6637148677146797e+01
7.6000000000000001e-01,1.0787314103064114e+00,3.9494015625935843e-12,8.5070041311933194e-10,0.0000000000000000e+00,1.9064059823899516e-03,2.4581595361074138e+00,1.0803638884021223e+00,8.4818079314034810e+02,9.6658151005456077e+01
7.6250000000000007e-01,1.0789634329070745e+00,3.6297728243840669e-12,8.5404631140663249e-10,0.0000000000000000e+00,1.8982563486025594e-03,2.4688344587114157e+00,1.0805962621298681e+00,8.5097086153883606e+02,9.6678941051390865e+01
7.6500000000000001e-01,1.0791878742937271e+00,3.3675387721342252e-12,8.5739499252974969e-10,0.0000000000000000e+00,1.8903167172448659e-03,2.4794550033949649e+00,1.0808210431707146e+00,8.5376092993732402e+02,9.6699051793727349e+01
7.6750000000000007e-01,1.0794123156803797e+00,3.1053047198843726e-12,8.6074367365286699e-10,0.0000000000000000e+00,1.8823770858871717e-03,2.4900755480785151e+00,1.0810458242115610e+00,8.5655099833581210e+02,9.6719162536063820e+01
7.7000000000000002e-01,1.0796367570670320e+00,2.8430706676345313e-12,8.6409235477598419e-10,0.0000000000000000e+00,1.8744374545294779e-03,2.5006960927620647e+00,1.0812706052524070e+00,8.5934106673430006e+02,9.6739273278400276e+01
7.7249999999999996e-01,1.0798611462847600e+00,2.5820410900615211e-12,8.6744016484280453e-10,0.0000000000000000e+00,1.8664992973170076e-03,2.5113161682953717e+00,1.0814953340453801e+00,8.6213113513278790e+02,9.6759379346216548e+01
7.7500000000000002e-01,1.0800757277446662e+00,2.5474527517335759e-12,8.7062421632580467e-10,0.0000000000000000e+00,1.8588382794065181e-03,2.5218480435831121e+00,1.0817102402381433e+00,8.6492120353127586e+02,9.6778606604231300e+01
7.7749999999999997e-01,1.0802903092045726e+00,2.5128644134056327e-12,8.7380826780880481e-10,0.0000000000000000e+00,1.8511772614960291e-03,2.5323799188708520e+00,1.0819251464309070e+00,8.6771127192976383e+02,9.6797833862246065e+01
7.8000000000000003e-01,1.0805048906644790e+00,2.4782760750776879e-12,8.7699231929180496e-10,0.0000000000000000e+00,1.8435162435855397e-03,2.5429117941585919e+00,1.0821400526236706e+00,8.7050134032825190e+02,9.6817061120260846e+01
7.8249999999999997e-01,1.0807194721243851e+00,2.4436877367497447e-12,8.8017637077480500e-10,0.0000000000000000e+00,1.8358552256750502e-03,2.5534436694463318e+00,1.0823549588164341e+00,8.7329140872673986e+02,9.6836288378275597e+01
7.8500000000000003e-01,1.0809264316439238e+00,2.5816648310127925e-12,8.8320199818778937e-10,0.0000000000000000e+00,1.8284138656033569e-03,2.5638929718712005e+00,1.0825622315343082e+00,8.7608147712522793e+02,9.6854832683466356e+01
7.8749999999999998e-01,1.0811311463454092e+00,2.7704659910389397e-12,8.8618096645686471e-10,0.0000000000000000e+00,1.8210371992787066e-03,2.5743179548912503e+00,1.0827672560369759e+00,8.7887154552371589e+02,9.6873175845017201e+01
7.9000000000000004e-01,1.0813358610468944e+00,2.9592671510650958e-12,8.8915993472594005e-10,0.0000000000000000e+00,1.8136605329540560e-03,2.5847429379113009e+00,1.0829722805396431e+00,8.8166161392220386e+02,9.6891519006568018e+01
7.9249999999999998e-01,1.0815405757483796e+00,3.1480683110912429e-12,8.9213890299501539e-10,0.0000000000000000e+00,1.8062838666294057e-03,2.5951679209313507e+00,1.0831773050423104e+00,8.8445168232069193e+02,9.6909862168118835e+01
7.9500000000000004e-01,1.0817396877979877e+00,3.2664119475998518e-12,8.9497241618420579e-10,0.0000000000000000e+00,1.7990748462337407e-03,2.6055119656991956e+00,1.0833767184144316e+00,8.8724175071917989e+02,9.6927703312238819e+01
7.9749999999999999e-01,1.0819340211151127e+00,3.3246594611082030e-12,8.9768186474643510e-10,0.0000000000000000e+00,1.7920088179539755e-03,2.6157869748989815e+00,1.0835713458222640e+00,8.9003181911766785e+02,9.6945116265020758e+01
8.0000000000000004e-01,1.0821283544322375e+00,3.3829069746165566e-12,9.0039131330866462e-10,0.0000000000000000e+00,1.7849427896742100e-03,2.6260619840987678e+00,1.0837659732300962e+00,8.9282188751615593e+02,9.6962529217802683e+01
8.0249999999999999e-01,1.0823226877493624e+00,3.4411544881249082e-12,9.0310076187089404e-10,0.0000000000000000e+00,1.7778767613944447e-03,2.6363369932985541e+00,1.0839606006379283e+00,8.9561195591464366e+02,9.6979942170584607e+01
8.0500000000000005e-01,1.0825136083715301e+00,3.5376997658489575e-12,9.0596123599566258e-10,0.0000000000000000e+00,1.7709163616840785e-03,2.6465509224147441e+00,1.0841518101862648e+00,8.9840202431313185e+02,9.6997049333823966e+01
8.0750000000000000e-01,1.0826968210102601e+00,3.7207451661980946e-12,9.0916281958064863e-10,0.0000000000000000e+00,1.7641945368459767e-03,2.6566268947903979e+00,1.0843353000864306e+00,9.0119209271161969e+02,9.7013465834475824e+01
8.1000000000000005e-01,1.0828800336489901e+00,3.9037905665472390e-12,9.1236440316563488e-10,0.0000000000000000e+00,1.7574727120078745e-03,2.6667028671660522e+00,1.0845187899865965e+00,9.0398216111010788e+02,9.7029882335127681e+01
8.1250000000000000e-01,1.0830632462877199e+00,4.0868359668963762e-12,9.1556598675062103e-10,0.0000000000000000e+00,1.7507508871697722e-03,2.6767788395417060e+00,1.0847022798867618e+00,9.0677222950859573e+02,9.7046298835779524e+01
8.1500000000000006e-01,1.0832457046087600e+00,4.2657165170609210e-12,9.1882276791048880e-10,0.0000000000000000e+00,1.7440531157640023e-03,2.6868374029126403e+00,1.0848850143277051e+00,9.0956229790708392e+02,9.7062647746897525e+01
8.1750000000000000e-01,1.0834187339586785e+00,4.3925364399179408e-12,9.2276951875637576e-10,0.0000000000000000e+00,1.7376560122623855e-03,2.6966783537245753e+00,1.0850583055283687e+00,9.1235236630557165e+02,9.7078151788842533e+01
8.2000000000000006e-01,1.0835917633085970e+00,4.5193563627749678e-12,9.2671626960226304e-10,0.0000000000000000e+00,1.7312589087607685e-03,2.7065193045365108e+00,1.0852315967290325e+00,9.1514243470405972e+02,9.7093655830787554e+01
8.2250000000000001e-01,1.0837647926585154e+00,4.6461762856319885e-12,9.3066302044815010e-10,0.0000000000000000e+00,1.7248618052591517e-03,2.7163602553484458e+00,1.0854048879296960e+00,9.1793250310254768e+02,9.7109159872732562e+01
8.2500000000000007e-01,1.0839378220084339e+00,4.7729962084890147e-12,9.3460977129403716e-10,0.0000000000000000e+00,1.7184647017575347e-03,2.7262012061603809e+00,1.0855781791303598e+00,9.2072257150103565e+02,9.7124663914677583e+01
8.2750000000000001e-01,1.0841026891204033e+00,4.5000144128937901e-12,9.3883598404520986e-10,0.0000000000000000e+00,1.7123344731808923e-03,2.7358175054634635e+00,1.0857432957409037e+00,9.2351263989952372e+02,9.7139436591223685e+01
8.3000000000000007e-01,1.0842660161874764e+00,4.1515983307981145e-12,9.4311492545775739e-10,0.0000000000000000e+00,1.7062545983636786e-03,2.7453914176894045e+00,1.0859068699759529e+00,9.2630270829801168e+02,9.7154071274298261e+01
8.3250000000000002e-01,1.0844293432545498e+00,3.8031822487024534e-12,9.4739386687030471e-10,0.0000000000000000e+00,1.7001747235464652e-03,2.7549653299153443e+00,1.0860704442110023e+00,9.2909277669649964e+02,9.7168705957372865e+01
8.3499999999999996e-01,1.0845926703216229e+00,3.4547661666067930e-12,9.5167280828285203e-10,0.0000000000000000e+00,1.6940948487292520e-03,2.7645392421412849e+00,1.0862340184460515e+00,9.3188284509498749e+02,9.7183340640447440e+01
8.3750000000000002e-01,1.0847500979959683e+00,2.8107297463399842e-12,9.5600178748171864e-10,0.0000000000000000e+00,1.6882104037996295e-03,2.7739367937032053e+00,1.0863916843606367e+00,9.3467291349347568e+02,9.7197446717061084e+01
8.3999999999999997e-01,1.0849037295393407e+00,1.9764680649891671e-12,9.6036296490830316e-10,0.0000000000000000e+00,1.6824517137541959e-03,2.7832208610117561e+00,1.0865455483994451e+00,9.3746298189196352e+02,9.7211212646908507e+01
8.4250000000000003e-01,1.0850573610827130e+00,1.1422063836383143e-12,9.6472414233488788e-10,0.0000000000000000e+00,1.6766930237087623e-03,2.7925049283203074e+00,1.0866994124382532e+00,9.4025305029045171e+02,9.7224978576755916e+01
8.4499999999999997e-01,1.0852109926260853e+00,3.0794470228749719e-13,9.6908531976147259e-10,0.0000000000000000e+00,1.6709343336633290e-03,2.8017889956288582e+00,1.0868532764770613e+00,9.4304311868893956e+02,9.7238744506603339e+01
8.4750000000000003e-01,1.0853609290793189e+00,-6.3518772026315077e-13,9.7342988284444283e-10,0.0000000000000000e+00,1.6652999986562413e-03,2.8109518691964812e+00,1.0870034398338349e+00,9.4583318708742752e+02,9.7252179343300782e+01
8.4999999999999998e-01,1.0855047243968285e+00,-1.7592602479063478e-12,9.7774683335633559e-10,0.0000000000000000e+00,1.6598723382199264e-03,2.8199133221805881e+00,1.0871474527613110e+00,9.4862325548591548e+02,9.7265063912509518e+01
8.5250000000000004e-01,1.0856485197143382e+00,-2.8833327755495940e-12,9.8206378386822856e-10,0.0000000000000000e+00,1.6544446777836113e-03,2.8288747751646954e+00,1.0872914656887871e+00,9.5141332388440355e+02,9.7277948481718241e+01
8.5499999999999998e-01,1.0857923150318478e+00,-4.0074053031927919e-12,9.8638073438012132e-10,0.0000000000000000e+00,1.6490170173472964e-03,2.8378362281488023e+00,1.0874354786162632e+00,9.5420339228289151e+02,9.7290833050926977e+01
8.5750000000000004e-01,1.0859345936722291e+00,-5.0905314998926662e-12,9.9072618853748753e-10,0.0000000000000000e+00,1.6436419749275583e-03,2.8467393012791482e+00,1.0875779725713761e+00,9.5699346068137947e+02,9.7303581720498883e+01
8.5999999999999999e-01,1.0860677722498415e+00,-5.9279797109323471e-12,9.9524266456769427e-10,0.0000000000000000e+00,1.6385826406072833e-03,2.8552920952869210e+00,1.0877113526923092e+00,9.5978352907986755e+02,9.7315514992249902e+01
8.6250000000000004e-01,1.0862009508274539e+00,-6.7654279219720636e-12,9.9975914059790121e-10,0.0000000000000000e+00,1.6335233062870083e-03,2.8638448892946942e+00,1.0878447328132426e+00,9.6257359747835551e+02,9.7327448264000921e+01
8.6499999999999999e-01,1.0863341294050664e+00,-7.6028761330117453e-12,1.0042756166281079e-09,0.0000000000000000e+00,1.6284639719667334e-03,2.8723976833024669e+00,1.0879781129341759e+00,9.6536366587684347e+02,9.7339381535751954e+01
8.6750000000000005e-01,1.0864673079826788e+00,-8.4403243440514601e-12,1.0087920926583149e-09,0.0000000000000000e+00,1.6234046376464584e-03,2.8809504773102401e+00,1.0881114930551092e+00,9.6815373427533154e+02,9.7351314807502973e+01
8.7000000000000000e-01,1.0865905919766981e+00,-8.6490340162277200e-12,1.0139741612626080e-09,0.0000000000000000e+00,1.6186955272737059e-03,2.8890790992844098e+00,1.0882349636186655e+00,9.7094380267381950e+02,9.7362361489556193e+01
8.7250000000000005e-01,1.0867128980176881e+00,-8.7956009258419010e-12,1.0192220151794561e-09,0.0000000000000000e+00,1.6140210320585572e-03,2.8971657972785145e+00,1.0883574547492256e+00,9.7373387107230747e+02,9.7373320543557909e+01
8.7500000000000000e-01,1.0868352040586777e+00,-8.9421678354560771e-12,1.0244698690963043e-09,0.0000000000000000e+00,1.6093465368434085e-03,2.9052524952726193e+00,1.0884799458797851e+00,9.7652393947079554e+02,9.7384279597559583e+01
8.7750000000000006e-01,1.0869575100996678e+00,-9.0887347450702581e-12,1.0297177230131524e-09,0.0000000000000000e+00,1.6046720416282600e-03,2.9133391932667236e+00,1.0886024370103453e+00,9.7931400786928350e+02,9.7395238651561300e+01
8.8000000000000000e-01,1.0870730907378685e+00,-9.2303576545299929e-12,1.0358261175713094e-09,0.0000000000000000e+00,1.6002403290546019e-03,2.9211002967573281e+00,1.0887181925603528e+00,9.8210407626777135e+02,9.7405595085678058e+01
8.8250000000000006e-01,1.0871854663013027e+00,-9.3696244389161178e-12,1.0423446135288402e-09,0.0000000000000000e+00,1.5959243175835292e-03,2.9287062341173584e+00,1.0888307381852538e+00,9.8489414466625954e+02,9.7415664333755913e+01
8.8500000000000001e-01,1.0872978418647370e+00,-9.5088912233022346e-12,1.0488631094863705e-09,0.0000000000000000e+00,1.5916083061124566e-03,2.9363121714773883e+00,1.0889432838101547e+00,9.8768421306474727e+02,9.7425733581833768e+01
8.8750000000000007e-01,1.0874102174281715e+00,-9.6481580076883595e-12,1.0553816054439012e-09,0.0000000000000000e+00,1.5872922946413839e-03,2.9439181088374182e+00,1.0890558294350559e+00,9.9047428146323546e+02,9.7435802829911651e+01
8.9000000000000001e-01,1.0875182509569958e+00,-9.6589837344230083e-12,1.0626837131673747e-09,0.0000000000000000e+00,1.5831347320001295e-03,2.9513005598385256e+00,1.0891640264544098e+00,9.9326434986172330e+02,9.7445483016325980e+01
8.9250000000000007e-01,1.0876208569425581e+00,-9.5092581390933340e-12,1.0709653355982775e-09,0.0000000000000000e+00,1.5791752303961472e-03,2.9584036528909792e+00,1.0892667877168298e+00,9.9605441826021126e+02,9.7454676875660908e+01
8.9500000000000002e-01,1.0877234629281203e+00,-9.3595325437636661e-12,1.0792469580291798e-09,0.0000000000000000e+00,1.5752157287921651e-03,2.9655067459434328e+00,1.0893695489792501e+00,9.9884448665869934e+02,9.7463870734995851e+01
8.9749999999999996e-01,1.0878260689136825e+00,-9.2098069484339982e-12,1.0875285804600821e-09,0.0000000000000000e+00,1.5712562271881830e-03,2.9726098389958859e+00,1.0894723102416701e+00,1.0016345550571873e+03,9.7473064594330793e+01
9.0000000000000002e-01,1.0879265915516960e+00,-8.9478884887124837e-12,1.0961554135464685e-09,0.0000000000000000e+00,1.5673734728594321e-03,2.9796000713331017e+00,1.0895729850037463e+00,1.0044246234556753e+03,9.7482071778354310e+01
9.0249999999999997e-01,1.0880193537200902e+00,-8.2680516091313249e-12,1.1060681563245319e-09,0.0000000000000000e+00,1.5637766021309187e-03,2.9861698975060578e+00,1.0896658875520411e+00,1.0072146918541633e+03,9.7490383596842733e+01
9.0500000000000003e-01,1.0881121158884839e+00,-7.5882147295501355e-12,1.1159808991025955e-09,0.0000000000000000e+00,1.5601797314024053e-03,2.9927397236790139e+00,1.0897587901003352e+00,1.0100047602526513e+03,9.7498695415331127e+01
9.0749999999999997e-01,1.0882048780568780e+00,-6.9083778499689768e-12,1.1258936418806586e-09,0.0000000000000000e+00,1.5565828606738919e-03,2.9993095498519695e+00,1.0898516926486297e+00,1.0127948286511391e+03,9.7507007233819564e+01
9.1000000000000003e-01,1.0882976402252722e+00,-6.2285409703877881e-12,1.1358063846587222e-09,0.0000000000000000e+00,1.5529859899453785e-03,3.0058793760249256e+00,1.0899445951969244e+00,1.0155848970496273e+03,9.7515319052307987e+01
9.1249999999999998e-01,1.0883800691692660e+00,-6.5629541547424159e-12,1.1431571827165710e-09,0.0000000000000000e+00,1.5497769335605905e-03,3.0118337044658166e+00,1.0900271488832258e+00,1.0183749654481152e+03,9.7522704977330335e+01
9.1500000000000004e-01,1.0884622746921917e+00,-6.9192970702091405e-12,1.1504525873750640e-09,0.0000000000000000e+00,1.5465762623508019e-03,3.0177747248476363e+00,1.0901094788103491e+00,1.0211650338466034e+03,9.7530070883034497e+01
9.1749999999999998e-01,1.0885444802151174e+00,-7.2756399856758481e-12,1.1577479920335567e-09,0.0000000000000000e+00,1.5433755911410134e-03,3.0237157452294561e+00,1.0901918087374725e+00,1.0239551022450911e+03,9.7537436788738660e+01
9.2000000000000004e-01,1.0886266857380433e+00,-7.6319829011425719e-12,1.1650433966920497e-09,0.0000000000000000e+00,1.5401749199312248e-03,3.0296567656112754e+00,1.0902741386645960e+00,1.0267451706435791e+03,9.7544802694442836e+01
9.2249999999999999e-01,1.0887008279010373e+00,-8.4570054233743364e-12,1.1714814203769701e-09,0.0000000000000000e+00,1.5372809457117002e-03,3.0350837274416844e+00,1.0903483930292519e+00,1.0295352390420671e+03,9.7551446094568277e+01
9.2500000000000004e-01,1.0887722250904375e+00,-9.4415784500367709e-12,1.1776275696879084e-09,0.0000000000000000e+00,1.5344913789782227e-03,3.0403356906162946e+00,1.0904198982662594e+00,1.0323253074405552e+03,9.7557843535347772e+01
9.2749999999999999e-01,1.0888436222798377e+00,-1.0426151476699160e-11,1.1837737189988465e-09,0.0000000000000000e+00,1.5317018122447453e-03,3.0455876537909048e+00,1.0904914035032669e+00,1.0351153758390431e+03,9.7564240976127252e+01
9.3000000000000005e-01,1.0889150194692383e+00,-1.1410724503361595e-11,1.1899198683097848e-09,0.0000000000000000e+00,1.5289122455112679e-03,3.0508396169655150e+00,1.0905629087402748e+00,1.0379054442375311e+03,9.7570638416906775e+01
9.3250000000000000e-01,1.0889813401181807e+00,-1.2487376158417260e-11,1.1979263815413221e-09,0.0000000000000000e+00,1.5263175267758939e-03,3.0557507990778454e+00,1.0906293297543366e+00,1.0406955126360192e+03,9.7576580981700033e+01
9.3500000000000005e-01,1.0890428459040089e+00,-1.3651360120815043e-11,1.2076973636460050e-09,0.0000000000000000e+00,1.5239076123273805e-03,3.0603387661620349e+00,1.0906909286188007e+00,1.0434855810345070e+03,9.7582092117722851e+01
9.3750000000000000e-01,1.0891043516898369e+00,-1.4815344083212774e-11,1.2174683457506878e-09,0.0000000000000000e+00,1.5214976978788675e-03,3.0649267332462244e+00,1.0907525274832643e+00,1.0462756494329951e+03,9.7587603253745655e+01
9.4000000000000006e-01,1.0891658574756651e+00,-1.5979328045610557e-11,1.2272393278553708e-09,0.0000000000000000e+00,1.5190877834303541e-03,3.0695147003304135e+00,1.0908141263477285e+00,1.0490657178314832e+03,9.7593114389768473e+01
9.4250000000000000e-01,1.0892245938810028e+00,-1.7031019615669223e-11,1.2373979992217648e-09,0.0000000000000000e+00,1.5167847074677094e-03,3.0739115082475816e+00,1.0908729516407116e+00,1.0518557862299710e+03,9.7598377379501059e+01
9.4500000000000006e-01,1.0892762239514970e+00,-1.7794564669537244e-11,1.2485514958634938e-09,0.0000000000000000e+00,1.5147557830914437e-03,3.0778177945286194e+00,1.0909246598446118e+00,1.0546458546284591e+03,9.7603003616488849e+01
9.4750000000000001e-01,1.0893278540219915e+00,-1.8558109723405230e-11,1.2597049925052222e-09,0.0000000000000000e+00,1.5127268587151782e-03,3.0817240808096571e+00,1.0909763680485123e+00,1.0574359230269472e+03,9.7607629853476666e+01
9.5000000000000007e-01,1.0893794840924858e+00,-1.9321654777273251e-11,1.2708584891469514e-09,0.0000000000000000e+00,1.5106979343389125e-03,3.0856303670906953e+00,1.0910280762524125e+00,1.0602259914254350e+03,9.7612256090464456e+01
9.5250000000000001e-01,1.0894306169242154e+00,-2.0042516580039393e-11,1.2819814806935634e-09,0.0000000000000000e+00,1.5086883521494726e-03,3.0895007894687581e+00,1.0910792864650609e+00,1.0630160598239229e+03,9.7616837773099675e+01
9.5500000000000007e-01,1.0894718049806467e+00,-1.9909713360768402e-11,1.2924943703378406e-09,0.0000000000000000e+00,1.5070656136965471e-03,3.0926539337873296e+00,1.0911205368526706e+00,1.0658061282224112e+03,9.7620528368682699e+01
9.5750000000000002e-01,1.0895129930370777e+00,-1.9776910141497414e-11,1.3030072599821174e-09,0.0000000000000000e+00,1.5054428752436218e-03,3.0958070781058997e+00,1.0911617872402799e+00,1.0685961966208990e+03,9.7624218964265722e+01
9.5999999999999996e-01,1.0895541810935092e+00,-1.9644106922226426e-11,1.3135201496263942e-09,0.0000000000000000e+00,1.5038201367906963e-03,3.0989602224244703e+00,1.0912030376278898e+00,1.0713862650193869e+03,9.7627909559848774e+01
9.6250000000000002e-01,1.0895953691499403e+00,-1.9511303702955431e-11,1.3240330392706715e-09,0.0000000000000000e+00,1.5021973983377708e-03,3.1021133667430414e+00,1.0912442880154991e+00,1.0741763334178750e+03,9.7631600155431784e+01
9.6499999999999997e-01,1.0896278845810996e+00,-1.6485251895322971e-11,1.3352229950792911e-09,0.0000000000000000e+00,1.5009145793824859e-03,3.1046170498994110e+00,1.0912768526532810e+00,1.0769664018163630e+03,9.7634513653105969e+01
9.6750000000000003e-01,1.0896584289610609e+00,-1.2801643590335515e-11,1.3465668295616255e-09,0.0000000000000000e+00,1.4997090148584830e-03,3.1069731282461897e+00,1.0913074432570109e+00,1.0797564702148509e+03,9.7637250537619082e+01
9.6999999999999997e-01,1.0896889733410222e+00,-9.1180352853482240e-12,1.3579106640439594e-09,0.0000000000000000e+00,1.4985034503344800e-03,3.1093292065929683e+00,1.0913380338607410e+00,1.0825465386133390e+03,9.7639987422132180e+01
9.7250000000000003e-01,1.0897195177209833e+00,-5.4344269803607683e-12,1.3692544985262938e-09,0.0000000000000000e+00,1.4972978858104769e-03,3.1116852849397474e+00,1.0913686244644707e+00,1.0853366070118270e+03,9.7642724306645277e+01
9.7499999999999998e-01,1.0897443269946423e+00,-1.9096878695703910e-12,1.3819239070171015e-09,0.0000000000000000e+00,1.4963179406598933e-03,3.1136049111013322e+00,1.0913934712827822e+00,1.0881266754103149e+03,9.7644947305342399e+01
9.7750000000000004e-01,1.0897650174192297e+00,1.5009542744787280e-12,1.3955453186594500e-09,0.0000000000000000e+00,1.4955000312411287e-03,3.1152110852390051e+00,1.0914141930188384e+00,1.0909167438088029e+03,9.7646801240589895e+01
9.7999999999999998e-01,1.0897857078438171e+00,4.9115964185276968e-12,1.4091667303017978e-09,0.0000000000000000e+00,1.4946821218223640e-03,3.1168172593766776e+00,1.0914349147548947e+00,1.0937068122072908e+03,9.7648655175837376e+01
9.8250000000000004e-01,1.0898063982684048e+00,8.3222385625768174e-12,1.4227881419441464e-09,0.0000000000000000e+00,1.4938642124035994e-03,3.1184234335143506e+00,1.0914556364909511e+00,1.0964968806057789e+03,9.7650509111084887e+01
9.8499999999999999e-01,1.0898234418500172e+00,7.6319676639840655e-12,1.4364248793778784e-09,0.0000000000000000e+00,1.4931903135938121e-03,3.1197475648521875e+00,1.0914727058651505e+00,1.0992869490042667e+03,9.7652036276298972e+01
9.8750000000000004e-01,1.0898336890424494e+00,-7.0091390498689089e-13,1.4500901785137362e-09,0.0000000000000000e+00,1.4927847981916638e-03,3.1205460709721482e+00,1.0914829685649805e+00,1.1020770174027550e+03,9.7652954460996327e+01
9.8999999999999999e-01,1.0898439362348817e+00,-9.0337954739574789e-12,1.4637554776495932e-09,0.0000000000000000e+00,1.4923792827895158e-03,3.1213445770921084e+00,1.0914932312648107e+00,1.1048670858012429e+03,9.7653872645693681e+01
9.9250000000000005e-01,1.0898541834273139e+00,-1.7366677042928433e-11,1.4774207767854510e-09,0.0000000000000000e+00,1.4919737673873676e-03,3.1221430832120687e+00,1.0915034939646409e+00,1.1076571541997309e+03,9.7654790830391036e+01
9.9500000000000000e-01,1.0898632378248596e+00,-2.4729593561542890e-11,1.4894954061806258e-09,0.0000000000000000e+00,1.4916154548362632e-03,3.1228486415297061e+00,1.0915125620644905e+00,1.1104472225982188e+03,9.7655602136446348e+01
9.9750000000000005e-01,1.0898632378248596e+00,-2.4729593561542890e-11,1.4894954061806258e-09,0.0000000000000000e+00,1.4916154548362632e-03,3.1228486415297061e+00,1.0915125620644905e+00,1.1132372909967069e+03,9.7655602136446348e+01
1.0000000000000000e+00,1.0898632378248596e+00,-2.4729593561542890e-11,1.4894954061806258e-09,0.0000000000000000e+00,1.4916154548362632e-03,3.1228486415297061e+00,1.0915125620644905e+00,1.1160273593951947e+03,9.7655602136446348e+01
